2026-09-10T23:17:53Z run_start  task_id=alfworld-corpus-ours-release n_tasks=30 k_per_candidate=5 base_seed=0 explicit_task_ids=yes
2026-09-10T23:17:53Z task_start  task_idx=0
2026-09-10T23:17:53Z iteration_start  outer=0
2026-09-10T23:17:53Z baseline_compute_start  task_idx=0 task_id=0 n=5 key=cb788bb26a57441a
2026-09-10T23:18:26Z rollout_done  iteration_id=baseline-0000 attempt=0 candidate_id=baseline rollout=0 seed=0 duration_ms=33155 success=True reward=1.0 steps=9 error=None
2026-09-10T23:21:09Z rollout_done  iteration_id=baseline-0000 attempt=0 candidate_id=baseline rollout=1 seed=0 duration_ms=195423 success=False reward=0.0 steps=50 error=None
2026-09-10T23:21:27Z rollout_done  iteration_id=baseline-0000 attempt=0 candidate_id=baseline rollout=4 seed=0 duration_ms=213292 success=False reward=0.0 steps=50 error=None
2026-09-10T23:21:33Z rollout_done  iteration_id=baseline-0000 attempt=0 candidate_id=baseline rollout=2 seed=0 duration_ms=220277 success=False reward=0.0 steps=50 error=None
2026-09-10T23:21:40Z rollout_done  iteration_id=baseline-0000 attempt=0 candidate_id=baseline rollout=3 seed=0 duration_ms=226366 success=False reward=0.0 steps=50 error=None
2026-09-10T23:21:40Z baseline_compute_done  task_idx=0 task_id=0 n=5 sr=0.2 avg_success_steps=9.0 sample_action_seq_len=9
2026-09-10T23:21:45Z candidate_proposed  iteration_id=5c5c65f3 attempt=0 rules_code_len=0 n_in_env_actions=1 rationale=Baseline SR=0.20. The failed trajectory reveals the failure mode: the Policy picks up the apple, moves it to the garbage
2026-09-10T23:25:51Z rollout_done  iteration_id=5c5c65f3 attempt=1 candidate_id=bc7f5bb9 rollout=2 seed=0 duration_ms=246078 success=False reward=0.0 steps=49 error=None
2026-09-10T23:26:45Z rollout_done  iteration_id=5c5c65f3 attempt=1 candidate_id=bc7f5bb9 rollout=3 seed=0 duration_ms=299971 success=False reward=0.0 steps=49 error=None
2026-09-10T23:26:46Z rollout_done  iteration_id=5c5c65f3 attempt=1 candidate_id=bc7f5bb9 rollout=4 seed=0 duration_ms=301036 success=False reward=0.0 steps=49 error=None
2026-09-10T23:26:47Z rollout_done  iteration_id=5c5c65f3 attempt=1 candidate_id=bc7f5bb9 rollout=1 seed=0 duration_ms=302573 success=False reward=0.0 steps=49 error=None
2026-09-10T23:26:57Z rollout_done  iteration_id=5c5c65f3 attempt=1 candidate_id=bc7f5bb9 rollout=0 seed=0 duration_ms=312203 success=False reward=0.0 steps=49 error=None
2026-09-10T23:26:57Z candidate_evaluated  iteration_id=5c5c65f3 attempt=1 candidate_id=bc7f5bb9 k=5 success_rate=0.0 n_errors=0
2026-09-10T23:27:02Z mutator_decision  iteration_id=5c5c65f3 attempt=1 decision=reject failure_axis=S0 failure_label=malformed_in_env_actions rationale=The candidate's in_env_actions was malformed: it emitted 'do' (the action NAME) rather than a valid Action dict with name+kwargs_json. The per-rollout action lists show literally ['do','do',...] — the
2026-09-10T23:27:08Z candidate_reproposed  iteration_id=5c5c65f3 attempt=1 rules_code_len=1153
2026-09-10T23:27:08Z rollout_done  iteration_id=5c5c65f3 attempt=2 candidate_id=7c0ed4d4 rollout=3 seed=0 duration_ms=177 success=False reward=0.0 steps=0 error=subprocess exit 1
2026-09-10T23:27:08Z rollout_done  iteration_id=5c5c65f3 attempt=2 candidate_id=7c0ed4d4 rollout=2 seed=0 duration_ms=180 success=False reward=0.0 steps=0 error=subprocess exit 1
2026-09-10T23:27:08Z rollout_done  iteration_id=5c5c65f3 attempt=2 candidate_id=7c0ed4d4 rollout=1 seed=0 duration_ms=183 success=False reward=0.0 steps=0 error=subprocess exit 1
2026-09-10T23:27:08Z rollout_done  iteration_id=5c5c65f3 attempt=2 candidate_id=7c0ed4d4 rollout=0 seed=0 duration_ms=185 success=False reward=0.0 steps=0 error=subprocess exit 1
2026-09-10T23:27:08Z rollout_done  iteration_id=5c5c65f3 attempt=2 candidate_id=7c0ed4d4 rollout=4 seed=0 duration_ms=178 success=False reward=0.0 steps=0 error=subprocess exit 1
2026-09-10T23:27:08Z candidate_evaluated  iteration_id=5c5c65f3 attempt=2 candidate_id=7c0ed4d4 k=5 success_rate=0.0 n_errors=5
2026-09-10T23:27:14Z mutator_decision  iteration_id=5c5c65f3 attempt=2 decision=reject failure_axis=T failure_label=code_crash_not_policy_failure rationale=All 5 rollouts fail with `err=subprocess exit 1` at steps=0, meaning the candidate never even ran the Policy — the rules_code crashed at import/init time (likely the `__init__` with `random.Random()`
2026-09-10T23:27:19Z candidate_reproposed  iteration_id=5c5c65f3 attempt=2 rules_code_len=30
2026-09-10T23:27:45Z rollout_done  iteration_id=5c5c65f3 attempt=3 candidate_id=c6126288 rollout=1 seed=0 duration_ms=26006 success=True reward=1.0 steps=7 error=None
2026-09-10T23:27:45Z rollout_done  iteration_id=5c5c65f3 attempt=3 candidate_id=c6126288 rollout=0 seed=0 duration_ms=26007 success=True reward=1.0 steps=7 error=None
2026-09-10T23:27:45Z rollout_done  iteration_id=5c5c65f3 attempt=3 candidate_id=c6126288 rollout=2 seed=0 duration_ms=26029 success=True reward=1.0 steps=7 error=None
2026-09-10T23:27:45Z rollout_done  iteration_id=5c5c65f3 attempt=3 candidate_id=c6126288 rollout=4 seed=0 duration_ms=26050 success=True reward=1.0 steps=7 error=None
2026-09-10T23:27:45Z rollout_done  iteration_id=5c5c65f3 attempt=3 candidate_id=c6126288 rollout=3 seed=0 duration_ms=26071 success=True reward=1.0 steps=7 error=None
2026-09-10T23:27:45Z candidate_evaluated  iteration_id=5c5c65f3 attempt=3 candidate_id=c6126288 k=5 success_rate=1.0 n_errors=0
2026-09-10T23:27:53Z mutator_decision  iteration_id=5c5c65f3 attempt=3 decision=reject failure_axis=S0 failure_label=malformed_in_env_actions rationale=The candidate's in_env_actions were malformed ('do', 'do' strings instead of proper Action dicts with name/kwargs), so the setup harness never actually ran any setup steps. The rules_code is a no-op p
2026-09-10T23:27:58Z candidate_reproposed  iteration_id=5c5c65f3 attempt=3 rules_code_len=0
2026-09-10T23:31:48Z rollout_done  iteration_id=5c5c65f3 attempt=4 candidate_id=7dd4f0d0 rollout=2 seed=0 duration_ms=229926 success=False reward=0.0 steps=49 error=None
2026-09-10T23:31:50Z rollout_done  iteration_id=5c5c65f3 attempt=4 candidate_id=7dd4f0d0 rollout=1 seed=0 duration_ms=232085 success=False reward=0.0 steps=49 error=None
2026-09-10T23:32:17Z rollout_done  iteration_id=5c5c65f3 attempt=4 candidate_id=7dd4f0d0 rollout=3 seed=0 duration_ms=259392 success=False reward=0.0 steps=49 error=None
2026-09-10T23:32:28Z rollout_done  iteration_id=5c5c65f3 attempt=4 candidate_id=7dd4f0d0 rollout=4 seed=0 duration_ms=269693 success=False reward=0.0 steps=49 error=None
2026-09-10T23:32:43Z rollout_done  iteration_id=5c5c65f3 attempt=4 candidate_id=7dd4f0d0 rollout=0 seed=0 duration_ms=284799 success=False reward=0.0 steps=49 error=None
2026-09-10T23:32:43Z candidate_evaluated  iteration_id=5c5c65f3 attempt=4 candidate_id=7dd4f0d0 k=5 success_rate=0.0 n_errors=0
2026-09-10T23:32:48Z mutator_decision  iteration_id=5c5c65f3 attempt=4 decision=reject failure_axis=S0 failure_label=malformed_in_env_actions rationale=The candidate's in_env_actions is malformed: it's a list of the string 'do' rather than proper Action dicts with name and kwargs_json. Every rollout shows actions=['do','do',...] and the recent traces
2026-09-10T23:32:54Z candidate_reproposed  iteration_id=5c5c65f3 attempt=4 rules_code_len=992
2026-09-10T23:33:36Z rollout_done  iteration_id=5c5c65f3 attempt=5 candidate_id=fae79fb6 rollout=4 seed=0 duration_ms=42225 success=True reward=1.0 steps=10 error=None
2026-09-10T23:35:56Z rollout_done  iteration_id=5c5c65f3 attempt=5 candidate_id=fae79fb6 rollout=3 seed=0 duration_ms=181772 success=False reward=0.0 steps=49 error=None
2026-09-10T23:36:44Z rollout_done  iteration_id=5c5c65f3 attempt=5 candidate_id=fae79fb6 rollout=0 seed=0 duration_ms=229893 success=False reward=0.0 steps=49 error=None
2026-09-10T23:37:26Z rollout_done  iteration_id=5c5c65f3 attempt=5 candidate_id=fae79fb6 rollout=2 seed=0 duration_ms=272259 success=False reward=0.0 steps=49 error=None
2026-09-10T23:37:36Z rollout_done  iteration_id=5c5c65f3 attempt=5 candidate_id=fae79fb6 rollout=1 seed=0 duration_ms=282402 success=False reward=0.0 steps=49 error=None
2026-09-10T23:37:36Z candidate_evaluated  iteration_id=5c5c65f3 attempt=5 candidate_id=fae79fb6 k=5 success_rate=0.2 n_errors=0
2026-09-10T23:37:42Z mutator_decision  iteration_id=5c5c65f3 attempt=5 decision=reject failure_axis=S0 failure_label=malformed_in_env_actions rationale=The candidate is malformed: `in_env_actions` was set to `['do']` (a bare string) instead of a list of valid Action dicts. This means the Setup harness could not replay any meaningful S0 mutation — the
2026-09-10T23:37:42Z budget_stop  iteration_id=5c5c65f3 attempts=5
2026-09-10T23:37:42Z checkpoint_saved  iteration_id=5c5c65f3 path=checkpoints/task_0000_best_effort.json n_actions=1 rules_code_len=992 best_effort=True rollout_success_rate=0.2
2026-09-10T23:37:42Z task_end  task_idx=0 total_traces_so_far=30
2026-09-10T23:37:42Z iteration_end  outer=0 total_traces_so_far=30
2026-09-10T23:37:42Z task_start  task_idx=1
2026-09-10T23:37:42Z iteration_start  outer=1
2026-09-10T23:37:42Z baseline_compute_start  task_idx=1 task_id=1 n=5 key=e25d4afdea2299b0
2026-09-10T23:38:12Z rollout_done  iteration_id=baseline-0001 attempt=0 candidate_id=baseline rollout=1 seed=1 duration_ms=29285 success=True reward=1.0 steps=9 error=None
2026-09-10T23:38:12Z rollout_done  iteration_id=baseline-0001 attempt=0 candidate_id=baseline rollout=0 seed=1 duration_ms=29301 success=True reward=1.0 steps=9 error=None
2026-09-10T23:38:12Z rollout_done  iteration_id=baseline-0001 attempt=0 candidate_id=baseline rollout=4 seed=1 duration_ms=29373 success=True reward=1.0 steps=9 error=None
2026-09-10T23:38:12Z rollout_done  iteration_id=baseline-0001 attempt=0 candidate_id=baseline rollout=3 seed=1 duration_ms=29428 success=True reward=1.0 steps=9 error=None
2026-09-10T23:38:12Z rollout_done  iteration_id=baseline-0001 attempt=0 candidate_id=baseline rollout=2 seed=1 duration_ms=29472 success=True reward=1.0 steps=9 error=None
2026-09-10T23:38:12Z baseline_compute_done  task_idx=1 task_id=1 n=5 sr=1.0 avg_success_steps=9.0 sample_action_seq_len=9
2026-09-10T23:38:14Z candidate_proposed  iteration_id=b158dd85 attempt=0 rules_code_len=0 n_in_env_actions=0 rationale=Baseline SR is 1.00 (5/5, 9 steps), so per Phase 1 this is an easy task and should be skipped.
2026-09-10T23:38:14Z task_skipped_passthrough  iteration_id=b158dd85 task_idx=1 task_id=1 rationale=Baseline SR is 1.00 (5/5, 9 steps), so per Phase 1 this is an easy task and should be skipped.
2026-09-10T23:38:14Z task_end  task_idx=1 total_traces_so_far=35
2026-09-10T23:38:14Z iteration_end  outer=1 total_traces_so_far=35
2026-09-10T23:38:14Z task_start  task_idx=2
2026-09-10T23:38:14Z iteration_start  outer=2
2026-09-10T23:38:14Z baseline_compute_start  task_idx=2 task_id=2 n=5 key=5c81b64038e41e94
2026-09-10T23:38:54Z rollout_done  iteration_id=baseline-0002 attempt=0 candidate_id=baseline rollout=4 seed=2 duration_ms=39962 success=True reward=1.0 steps=12 error=None
2026-09-10T23:38:54Z rollout_done  iteration_id=baseline-0002 attempt=0 candidate_id=baseline rollout=3 seed=2 duration_ms=40348 success=True reward=1.0 steps=11 error=None
2026-09-10T23:38:57Z rollout_done  iteration_id=baseline-0002 attempt=0 candidate_id=baseline rollout=2 seed=2 duration_ms=42722 success=True reward=1.0 steps=12 error=None
2026-09-10T23:39:01Z rollout_done  iteration_id=baseline-0002 attempt=0 candidate_id=baseline rollout=1 seed=2 duration_ms=47121 success=True reward=1.0 steps=12 error=None
2026-09-10T23:39:25Z rollout_done  iteration_id=baseline-0002 attempt=0 candidate_id=baseline rollout=0 seed=2 duration_ms=70597 success=True reward=1.0 steps=17 error=None
2026-09-10T23:39:25Z baseline_compute_done  task_idx=2 task_id=2 n=5 sr=1.0 avg_success_steps=12.8 sample_action_seq_len=11
2026-09-10T23:39:27Z candidate_proposed  iteration_id=55988d3e attempt=0 rules_code_len=0 n_in_env_actions=0 rationale=Baseline SR is 1.00 (5/5), so per experiment instructions this is a skip-easy-task: the Policy already solves it and the
2026-09-10T23:39:27Z task_skipped_passthrough  iteration_id=55988d3e task_idx=2 task_id=2 rationale=Baseline SR is 1.00 (5/5), so per experiment instructions this is a skip-easy-task: the Policy already solves it and the
2026-09-10T23:39:27Z task_end  task_idx=2 total_traces_so_far=40
2026-09-10T23:39:27Z iteration_end  outer=2 total_traces_so_far=40
2026-09-10T23:39:27Z task_start  task_idx=3
2026-09-10T23:39:27Z iteration_start  outer=3
2026-09-10T23:39:27Z baseline_compute_start  task_idx=3 task_id=3 n=5 key=cd878f923460652b
2026-09-10T23:39:55Z rollout_done  iteration_id=baseline-0003 attempt=0 candidate_id=baseline rollout=4 seed=3 duration_ms=28295 success=True reward=1.0 steps=8 error=None
2026-09-10T23:39:56Z rollout_done  iteration_id=baseline-0003 attempt=0 candidate_id=baseline rollout=2 seed=3 duration_ms=28477 success=True reward=1.0 steps=8 error=None
2026-09-10T23:39:56Z rollout_done  iteration_id=baseline-0003 attempt=0 candidate_id=baseline rollout=1 seed=3 duration_ms=28635 success=True reward=1.0 steps=8 error=None
2026-09-10T23:39:56Z rollout_done  iteration_id=baseline-0003 attempt=0 candidate_id=baseline rollout=3 seed=3 duration_ms=28747 success=True reward=1.0 steps=8 error=None
2026-09-10T23:42:51Z rollout_done  iteration_id=baseline-0003 attempt=0 candidate_id=baseline rollout=0 seed=3 duration_ms=203709 success=False reward=0.0 steps=50 error=None
2026-09-10T23:42:51Z baseline_compute_done  task_idx=3 task_id=3 n=5 sr=0.8 avg_success_steps=8.0 sample_action_seq_len=8
2026-09-10T23:42:53Z candidate_proposed  iteration_id=e80eb20c attempt=0 rules_code_len=0 n_in_env_actions=0 rationale=Baseline SR is 0.80, which is >= 0.8, so per the task-selection rule this is a skip-easy-task. The Policy already solves
2026-09-10T23:42:53Z task_skipped_passthrough  iteration_id=e80eb20c task_idx=3 task_id=3 rationale=Baseline SR is 0.80, which is >= 0.8, so per the task-selection rule this is a skip-easy-task. The Policy already solves
2026-09-10T23:42:53Z task_end  task_idx=3 total_traces_so_far=45
2026-09-10T23:42:53Z iteration_end  outer=3 total_traces_so_far=45
2026-09-10T23:42:53Z task_start  task_idx=4
2026-09-10T23:42:53Z iteration_start  outer=4
2026-09-10T23:42:53Z baseline_compute_start  task_idx=4 task_id=4 n=5 key=ce723e74aed08bed
2026-09-10T23:44:08Z rollout_done  iteration_id=baseline-0004 attempt=0 candidate_id=baseline rollout=4 seed=4 duration_ms=75230 success=True reward=1.0 steps=21 error=None
2026-09-10T23:44:50Z rollout_done  iteration_id=baseline-0004 attempt=0 candidate_id=baseline rollout=2 seed=4 duration_ms=116557 success=True reward=1.0 steps=27 error=None
2026-09-10T23:45:00Z rollout_done  iteration_id=baseline-0004 attempt=0 candidate_id=baseline rollout=3 seed=4 duration_ms=126517 success=True reward=1.0 steps=30 error=None
2026-09-10T23:45:14Z rollout_done  iteration_id=baseline-0004 attempt=0 candidate_id=baseline rollout=1 seed=4 duration_ms=141048 success=True reward=1.0 steps=37 error=None
2026-09-10T23:46:44Z rollout_done  iteration_id=baseline-0004 attempt=0 candidate_id=baseline rollout=0 seed=4 duration_ms=231116 success=False reward=0.0 steps=50 error=None
2026-09-10T23:46:44Z baseline_compute_done  task_idx=4 task_id=4 n=5 sr=0.8 avg_success_steps=28.75 sample_action_seq_len=21
2026-09-10T23:46:47Z candidate_proposed  iteration_id=bd9ebf10 attempt=0 rules_code_len=0 n_in_env_actions=0 rationale=Baseline SR is 0.80 (>= 0.8), so per Phase 1 this is an easy task the Policy already solves. Skipping.
2026-09-10T23:46:47Z task_skipped_passthrough  iteration_id=bd9ebf10 task_idx=4 task_id=4 rationale=Baseline SR is 0.80 (>= 0.8), so per Phase 1 this is an easy task the Policy already solves. Skipping.
2026-09-10T23:46:47Z task_end  task_idx=4 total_traces_so_far=50
2026-09-10T23:46:47Z iteration_end  outer=4 total_traces_so_far=50
2026-09-10T23:46:47Z task_start  task_idx=5
2026-09-10T23:46:47Z iteration_start  outer=5
2026-09-10T23:46:47Z baseline_compute_start  task_idx=5 task_id=5 n=5 key=d4f4b6f239e183a3
2026-09-10T23:48:48Z rollout_done  iteration_id=baseline-0005 attempt=0 candidate_id=baseline rollout=3 seed=5 duration_ms=120944 success=True reward=1.0 steps=39 error=None
2026-09-10T23:48:52Z rollout_done  iteration_id=baseline-0005 attempt=0 candidate_id=baseline rollout=2 seed=5 duration_ms=124663 success=True reward=1.0 steps=40 error=None
2026-09-10T23:48:53Z rollout_done  iteration_id=baseline-0005 attempt=0 candidate_id=baseline rollout=0 seed=5 duration_ms=125525 success=True reward=1.0 steps=40 error=None
2026-09-10T23:49:02Z rollout_done  iteration_id=baseline-0005 attempt=0 candidate_id=baseline rollout=4 seed=5 duration_ms=135223 success=True reward=1.0 steps=40 error=None
2026-09-10T23:49:21Z rollout_done  iteration_id=baseline-0005 attempt=0 candidate_id=baseline rollout=1 seed=5 duration_ms=154375 success=True reward=1.0 steps=44 error=None
2026-09-10T23:49:21Z baseline_compute_done  task_idx=5 task_id=5 n=5 sr=1.0 avg_success_steps=40.6 sample_action_seq_len=39
2026-09-10T23:49:23Z candidate_proposed  iteration_id=7901250f attempt=0 rules_code_len=0 n_in_env_actions=0 rationale=Baseline SR is 1.00 (5/5), so per Phase 1 this task is SKIP — the Policy already solves it, no failure-recovery skill to
2026-09-10T23:49:23Z task_skipped_passthrough  iteration_id=7901250f task_idx=5 task_id=5 rationale=Baseline SR is 1.00 (5/5), so per Phase 1 this task is SKIP — the Policy already solves it, no failure-recovery skill to
2026-09-10T23:49:23Z task_end  task_idx=5 total_traces_so_far=55
2026-09-10T23:49:23Z iteration_end  outer=5 total_traces_so_far=55
2026-09-10T23:49:23Z task_start  task_idx=6
2026-09-10T23:49:23Z iteration_start  outer=6
2026-09-10T23:49:23Z baseline_compute_start  task_idx=6 task_id=6 n=5 key=4ffc056dd6ad0f0c
2026-09-10T23:50:46Z rollout_done  iteration_id=baseline-0006 attempt=0 candidate_id=baseline rollout=3 seed=6 duration_ms=82259 success=True reward=1.0 steps=22 error=None
2026-09-10T23:52:07Z rollout_done  iteration_id=baseline-0006 attempt=0 candidate_id=baseline rollout=4 seed=6 duration_ms=163844 success=False reward=0.0 steps=50 error=None
2026-09-10T23:52:29Z rollout_done  iteration_id=baseline-0006 attempt=0 candidate_id=baseline rollout=1 seed=6 duration_ms=185293 success=False reward=0.0 steps=50 error=None
2026-09-10T23:52:55Z rollout_done  iteration_id=baseline-0006 attempt=0 candidate_id=baseline rollout=0 seed=6 duration_ms=211765 success=True reward=1.0 steps=47 error=None
2026-09-10T23:52:56Z rollout_done  iteration_id=baseline-0006 attempt=0 candidate_id=baseline rollout=2 seed=6 duration_ms=212877 success=False reward=0.0 steps=50 error=None
2026-09-10T23:52:56Z baseline_compute_done  task_idx=6 task_id=6 n=5 sr=0.4 avg_success_steps=34.5 sample_action_seq_len=22
2026-09-10T23:53:01Z candidate_proposed  iteration_id=dff52b17 attempt=0 rules_code_len=0 n_in_env_actions=2 rationale=Baseline SR is 0.40 (2/5), within the 0.0-0.6 target band. Failure diagnosis: the failed trajectory shows the Policy loo
2026-09-10T23:54:01Z rollout_done  iteration_id=dff52b17 attempt=1 candidate_id=40403e9c rollout=4 seed=6 duration_ms=59487 success=True reward=1.0 steps=19 error=None
2026-09-10T23:54:19Z rollout_done  iteration_id=dff52b17 attempt=1 candidate_id=40403e9c rollout=1 seed=6 duration_ms=77169 success=True reward=1.0 steps=20 error=None
2026-09-10T23:54:24Z rollout_done  iteration_id=dff52b17 attempt=1 candidate_id=40403e9c rollout=3 seed=6 duration_ms=82563 success=True reward=1.0 steps=20 error=None
2026-09-10T23:54:28Z rollout_done  iteration_id=dff52b17 attempt=1 candidate_id=40403e9c rollout=2 seed=6 duration_ms=87071 success=True reward=1.0 steps=23 error=None
2026-09-10T23:55:12Z rollout_done  iteration_id=dff52b17 attempt=1 candidate_id=40403e9c rollout=0 seed=6 duration_ms=130480 success=True reward=1.0 steps=32 error=None
2026-09-10T23:55:12Z candidate_evaluated  iteration_id=dff52b17 attempt=1 candidate_id=40403e9c k=5 success_rate=1.0 n_errors=0
2026-09-10T23:55:18Z mutator_decision  iteration_id=dff52b17 attempt=1 decision=reject failure_axis=S0 failure_label=empty_setup_actions rationale=Baseline SR was 0.40 (2/5). The candidate's in_env_actions were ['do', 'do'] — essentially empty/placeholder actions that did no meaningful state mutation (no valid `text` command was actually replaye
2026-09-10T23:55:25Z candidate_reproposed  iteration_id=dff52b17 attempt=1 rules_code_len=1032
2026-09-10T23:56:38Z rollout_done  iteration_id=dff52b17 attempt=2 candidate_id=db2c8622 rollout=4 seed=6 duration_ms=73078 success=True reward=1.0 steps=18 error=None
2026-09-10T23:58:38Z rollout_done  iteration_id=dff52b17 attempt=2 candidate_id=db2c8622 rollout=0 seed=6 duration_ms=193209 success=True reward=1.0 steps=47 error=None
2026-09-10T23:58:53Z rollout_done  iteration_id=dff52b17 attempt=2 candidate_id=db2c8622 rollout=3 seed=6 duration_ms=208368 success=True reward=1.0 steps=49 error=None
2026-09-10T23:59:21Z rollout_done  iteration_id=dff52b17 attempt=2 candidate_id=db2c8622 rollout=2 seed=6 duration_ms=235933 success=False reward=0.0 steps=50 error=None
2026-09-10T23:59:21Z rollout_done  iteration_id=dff52b17 attempt=2 candidate_id=db2c8622 rollout=1 seed=6 duration_ms=236023 success=False reward=0.0 steps=50 error=None
2026-09-10T23:59:21Z candidate_evaluated  iteration_id=dff52b17 attempt=2 candidate_id=db2c8622 k=5 success_rate=0.6 n_errors=0
2026-09-10T23:59:25Z mutator_decision  iteration_id=dff52b17 attempt=2 decision=accept failure_axis=None failure_label=None rationale=Baseline SR was 0.40 (2/5). The candidate's T-axis hook (occasional "Nothing happens" on clean actions at step_count%11==0) raised SR to 0.60 (3/5), an improvement of +0.20, meeting the acceptance thr
2026-09-10T23:59:25Z checkpoint_saved  iteration_id=dff52b17 path=checkpoints/task_0006_attempt_02.json n_actions=0 rules_code_len=1032 best_effort=False
2026-09-10T23:59:25Z budget_stop  iteration_id=dff52b17 attempts=2
2026-09-10T23:59:25Z task_end  task_idx=6 total_traces_so_far=70
2026-09-10T23:59:25Z iteration_end  outer=6 total_traces_so_far=70
2026-09-10T23:59:25Z task_start  task_idx=7
2026-09-10T23:59:25Z iteration_start  outer=7
2026-09-10T23:59:25Z baseline_compute_start  task_idx=7 task_id=7 n=5 key=9e3f366b710c9d8a
2026-09-10T23:59:42Z rollout_done  iteration_id=baseline-0007 attempt=0 candidate_id=baseline rollout=3 seed=7 duration_ms=16488 success=True reward=1.0 steps=5 error=None
2026-09-10T23:59:42Z rollout_done  iteration_id=baseline-0007 attempt=0 candidate_id=baseline rollout=4 seed=7 duration_ms=16502 success=True reward=1.0 steps=5 error=None
2026-09-10T23:59:47Z rollout_done  iteration_id=baseline-0007 attempt=0 candidate_id=baseline rollout=1 seed=7 duration_ms=21792 success=True reward=1.0 steps=6 error=None
2026-09-10T23:59:58Z rollout_done  iteration_id=baseline-0007 attempt=0 candidate_id=baseline rollout=2 seed=7 duration_ms=33357 success=True reward=1.0 steps=12 error=None
2026-09-11T00:00:25Z rollout_done  iteration_id=baseline-0007 attempt=0 candidate_id=baseline rollout=0 seed=7 duration_ms=60325 success=True reward=1.0 steps=19 error=None
2026-09-11T00:00:25Z baseline_compute_done  task_idx=7 task_id=7 n=5 sr=1.0 avg_success_steps=9.4 sample_action_seq_len=5
2026-09-11T00:00:31Z candidate_proposed  iteration_id=9dbc5dc0 attempt=0 rules_code_len=0 n_in_env_actions=0 rationale=Baseline SR is 1.00 (5/5), so this is a skip-easy-task per Phase 1. The Policy already solves this task reliably; no fai
2026-09-11T00:00:31Z task_skipped_passthrough  iteration_id=9dbc5dc0 task_idx=7 task_id=7 rationale=Baseline SR is 1.00 (5/5), so this is a skip-easy-task per Phase 1. The Policy already solves this task reliably; no fai
2026-09-11T00:00:31Z task_end  task_idx=7 total_traces_so_far=75
2026-09-11T00:00:31Z iteration_end  outer=7 total_traces_so_far=75
2026-09-11T00:00:31Z task_start  task_idx=8
2026-09-11T00:00:31Z iteration_start  outer=8
2026-09-11T00:00:31Z baseline_compute_start  task_idx=8 task_id=8 n=5 key=37b6a8fba3eae878
2026-09-11T00:02:47Z rollout_done  iteration_id=baseline-0008 attempt=0 candidate_id=baseline rollout=2 seed=8 duration_ms=136222 success=False reward=0.0 steps=50 error=None
2026-09-11T00:03:12Z rollout_done  iteration_id=baseline-0008 attempt=0 candidate_id=baseline rollout=3 seed=8 duration_ms=161471 success=False reward=0.0 steps=50 error=None
2026-09-11T00:03:17Z rollout_done  iteration_id=baseline-0008 attempt=0 candidate_id=baseline rollout=4 seed=8 duration_ms=165927 success=False reward=0.0 steps=50 error=None
2026-09-11T00:03:39Z rollout_done  iteration_id=baseline-0008 attempt=0 candidate_id=baseline rollout=0 seed=8 duration_ms=187910 success=False reward=0.0 steps=50 error=None
2026-09-11T00:03:39Z rollout_done  iteration_id=baseline-0008 attempt=0 candidate_id=baseline rollout=1 seed=8 duration_ms=188441 success=False reward=0.0 steps=50 error=None
2026-09-11T00:03:39Z baseline_compute_done  task_idx=8 task_id=8 n=5 sr=0.0 avg_success_steps=None sample_action_seq_len=0
2026-09-11T00:03:46Z candidate_proposed  iteration_id=b2549da7 attempt=0 rules_code_len=1189 n_in_env_actions=0 rationale=Baseline shows the Policy is stuck in a loop: it picks up soapbar 3 and moves it back to shelf 1 repeatedly, never clean
2026-09-11T00:03:46Z rollout_done  iteration_id=b2549da7 attempt=1 candidate_id=d0a4a3ec rollout=0 seed=8 duration_ms=136 success=False reward=0.0 steps=0 error=subprocess exit 1
2026-09-11T00:03:46Z rollout_done  iteration_id=b2549da7 attempt=1 candidate_id=d0a4a3ec rollout=4 seed=8 duration_ms=142 success=False reward=0.0 steps=0 error=subprocess exit 1
2026-09-11T00:03:46Z rollout_done  iteration_id=b2549da7 attempt=1 candidate_id=d0a4a3ec rollout=1 seed=8 duration_ms=143 success=False reward=0.0 steps=0 error=subprocess exit 1
2026-09-11T00:03:46Z rollout_done  iteration_id=b2549da7 attempt=1 candidate_id=d0a4a3ec rollout=3 seed=8 duration_ms=143 success=False reward=0.0 steps=0 error=subprocess exit 1
2026-09-11T00:03:46Z rollout_done  iteration_id=b2549da7 attempt=1 candidate_id=d0a4a3ec rollout=2 seed=8 duration_ms=146 success=False reward=0.0 steps=0 error=subprocess exit 1
2026-09-11T00:03:46Z candidate_evaluated  iteration_id=b2549da7 attempt=1 candidate_id=d0a4a3ec k=5 success_rate=0.0 n_errors=5
2026-09-11T00:03:52Z mutator_decision  iteration_id=b2549da7 attempt=1 decision=reject failure_axis=none failure_label=harness_crash rationale=All 5 rollouts crashed with err=subprocess exit 1, steps=0, empty actions. This is not a difficulty signal — the candidate itself is broken (the Rules code raises before any step runs, likely the __in
2026-09-11T00:03:58Z candidate_reproposed  iteration_id=b2549da7 attempt=1 rules_code_len=0
2026-09-11T00:06:07Z rollout_done  iteration_id=b2549da7 attempt=2 candidate_id=bda2861a rollout=3 seed=8 duration_ms=129531 success=False reward=0.0 steps=50 error=None
2026-09-11T00:06:19Z rollout_done  iteration_id=b2549da7 attempt=2 candidate_id=bda2861a rollout=2 seed=8 duration_ms=141327 success=False reward=0.0 steps=50 error=None
2026-09-11T00:06:23Z rollout_done  iteration_id=b2549da7 attempt=2 candidate_id=bda2861a rollout=0 seed=8 duration_ms=145454 success=False reward=0.0 steps=50 error=None
2026-09-11T00:06:42Z rollout_done  iteration_id=b2549da7 attempt=2 candidate_id=bda2861a rollout=1 seed=8 duration_ms=164668 success=False reward=0.0 steps=50 error=None
2026-09-11T00:07:02Z rollout_done  iteration_id=b2549da7 attempt=2 candidate_id=bda2861a rollout=4 seed=8 duration_ms=184416 success=False reward=0.0 steps=50 error=None
2026-09-11T00:07:02Z candidate_evaluated  iteration_id=b2549da7 attempt=2 candidate_id=bda2861a k=5 success_rate=0.0 n_errors=0
2026-09-11T00:07:07Z mutator_decision  iteration_id=b2549da7 attempt=2 decision=reject failure_axis=S0 failure_label=empty_setup_noop rationale=The candidate's in_env_actions is empty ([]), so it is a pure pass-through no-op — identical to the baseline. Unsurprisingly, SR stayed 0.00 across all 5 rollouts, exactly matching baseline. The candi
2026-09-11T00:07:12Z candidate_reproposed  iteration_id=b2549da7 attempt=2 rules_code_len=0
2026-09-11T00:09:06Z rollout_done  iteration_id=b2549da7 attempt=3 candidate_id=168da4f2 rollout=2 seed=8 duration_ms=114032 success=False reward=0.0 steps=47 error=None
2026-09-11T00:09:12Z rollout_done  iteration_id=b2549da7 attempt=3 candidate_id=168da4f2 rollout=0 seed=8 duration_ms=119303 success=False reward=0.0 steps=47 error=None
2026-09-11T00:09:23Z rollout_done  iteration_id=b2549da7 attempt=3 candidate_id=168da4f2 rollout=4 seed=8 duration_ms=130812 success=False reward=0.0 steps=47 error=None
2026-09-11T00:09:31Z rollout_done  iteration_id=b2549da7 attempt=3 candidate_id=168da4f2 rollout=1 seed=8 duration_ms=139028 success=False reward=0.0 steps=47 error=None
2026-09-11T00:09:36Z rollout_done  iteration_id=b2549da7 attempt=3 candidate_id=168da4f2 rollout=3 seed=8 duration_ms=143335 success=False reward=0.0 steps=47 error=None
2026-09-11T00:09:36Z candidate_evaluated  iteration_id=b2549da7 attempt=3 candidate_id=168da4f2 k=5 success_rate=0.0 n_errors=0
2026-09-11T00:09:42Z mutator_decision  iteration_id=b2549da7 attempt=3 decision=reject failure_axis=S0 failure_label=malformed_setup_actions rationale=The candidate is broken: in_env_actions was emitted as ['do', 'do', 'do'] — bare strings, not valid Action objects with name="do" and kwargs_json containing the JSON-encoded text. The framework replay
2026-09-11T00:09:47Z candidate_reproposed  iteration_id=b2549da7 attempt=3 rules_code_len=0
2026-09-11T00:11:18Z rollout_done  iteration_id=b2549da7 attempt=4 candidate_id=c481c822 rollout=4 seed=8 duration_ms=91307 success=True reward=1.0 steps=29 error=None
2026-09-11T00:12:05Z rollout_done  iteration_id=b2549da7 attempt=4 candidate_id=c481c822 rollout=2 seed=8 duration_ms=138077 success=False reward=0.0 steps=46 error=None
2026-09-11T00:12:13Z rollout_done  iteration_id=b2549da7 attempt=4 candidate_id=c481c822 rollout=1 seed=8 duration_ms=146513 success=False reward=0.0 steps=46 error=None
2026-09-11T00:12:15Z rollout_done  iteration_id=b2549da7 attempt=4 candidate_id=c481c822 rollout=0 seed=8 duration_ms=147981 success=False reward=0.0 steps=46 error=None
2026-09-11T00:12:44Z rollout_done  iteration_id=b2549da7 attempt=4 candidate_id=c481c822 rollout=3 seed=8 duration_ms=177526 success=False reward=0.0 steps=46 error=None
2026-09-11T00:12:44Z candidate_evaluated  iteration_id=b2549da7 attempt=4 candidate_id=c481c822 k=5 success_rate=0.2 n_errors=0
2026-09-11T00:12:50Z mutator_decision  iteration_id=b2549da7 attempt=4 decision=reject failure_axis=S0 failure_label=malformed_setup_actions rationale=The candidate's in_env_actions is malformed: it passed bare strings ['do','do','do','do'] instead of valid Action dicts with name='do' and kwargs_json containing the JSON-encoded text. The recent trac
2026-09-11T00:12:54Z candidate_reproposed  iteration_id=b2549da7 attempt=4 rules_code_len=0
2026-09-11T00:15:14Z rollout_done  iteration_id=b2549da7 attempt=5 candidate_id=af9cde47 rollout=3 seed=8 duration_ms=140595 success=False reward=0.0 steps=50 error=None
2026-09-11T00:15:33Z rollout_done  iteration_id=b2549da7 attempt=5 candidate_id=af9cde47 rollout=4 seed=8 duration_ms=159413 success=False reward=0.0 steps=50 error=None
2026-09-11T00:15:35Z rollout_done  iteration_id=b2549da7 attempt=5 candidate_id=af9cde47 rollout=2 seed=8 duration_ms=161630 success=False reward=0.0 steps=50 error=None
2026-09-11T00:15:45Z rollout_done  iteration_id=b2549da7 attempt=5 candidate_id=af9cde47 rollout=1 seed=8 duration_ms=171155 success=False reward=0.0 steps=50 error=None
2026-09-11T00:15:53Z rollout_done  iteration_id=b2549da7 attempt=5 candidate_id=af9cde47 rollout=0 seed=8 duration_ms=179397 success=False reward=0.0 steps=50 error=None
2026-09-11T00:15:53Z candidate_evaluated  iteration_id=b2549da7 attempt=5 candidate_id=af9cde47 k=5 success_rate=0.0 n_errors=0
2026-09-11T00:15:59Z mutator_decision  iteration_id=b2549da7 attempt=5 decision=reject failure_axis=task_understanding failure_label=unsolvable_by_policy rationale=This candidate is a pass-through (empty rules_code, empty in_env_actions), so the 5 rollouts simply reproduce the baseline: SR=0.00, all 50-step timeouts, all actions 'do' with no effective progress.
2026-09-11T00:15:59Z budget_stop  iteration_id=b2549da7 attempts=5
2026-09-11T00:15:59Z checkpoint_saved  iteration_id=b2549da7 path=checkpoints/task_0008_best_effort.json n_actions=4 rules_code_len=0 best_effort=True rollout_success_rate=0.2
2026-09-11T00:15:59Z task_end  task_idx=8 total_traces_so_far=105
2026-09-11T00:15:59Z iteration_end  outer=8 total_traces_so_far=105
2026-09-11T00:15:59Z task_start  task_idx=9
2026-09-11T00:15:59Z iteration_start  outer=9
2026-09-11T00:15:59Z baseline_compute_start  task_idx=9 task_id=9 n=5 key=f8ee0b5a2c1e699f
2026-09-11T00:18:47Z rollout_done  iteration_id=baseline-0009 attempt=0 candidate_id=baseline rollout=0 seed=9 duration_ms=167898 success=False reward=0.0 steps=50 error=None
2026-09-11T00:18:57Z rollout_done  iteration_id=baseline-0009 attempt=0 candidate_id=baseline rollout=4 seed=9 duration_ms=178100 success=False reward=0.0 steps=50 error=None
2026-09-11T00:18:59Z rollout_done  iteration_id=baseline-0009 attempt=0 candidate_id=baseline rollout=2 seed=9 duration_ms=179275 success=False reward=0.0 steps=50 error=None
2026-09-11T00:19:13Z rollout_done  iteration_id=baseline-0009 attempt=0 candidate_id=baseline rollout=3 seed=9 duration_ms=193612 success=False reward=0.0 steps=50 error=None
2026-09-11T00:19:22Z rollout_done  iteration_id=baseline-0009 attempt=0 candidate_id=baseline rollout=1 seed=9 duration_ms=203069 success=False reward=0.0 steps=50 error=None
2026-09-11T00:19:22Z baseline_compute_done  task_idx=9 task_id=9 n=5 sr=0.0 avg_success_steps=None sample_action_seq_len=0
2026-09-11T00:19:27Z candidate_proposed  iteration_id=4435bedf attempt=0 rules_code_len=0 n_in_env_actions=1 rationale=Baseline SR is 0.00 (5/5 failures at 50 steps), with the Policy emitting empty actions and never progressing — a navigat
2026-09-11T00:22:30Z rollout_done  iteration_id=4435bedf attempt=1 candidate_id=3ad8ae0a rollout=0 seed=9 duration_ms=183222 success=False reward=0.0 steps=49 error=None
2026-09-11T00:22:31Z rollout_done  iteration_id=4435bedf attempt=1 candidate_id=3ad8ae0a rollout=4 seed=9 duration_ms=183592 success=False reward=0.0 steps=49 error=None
2026-09-11T00:22:31Z rollout_done  iteration_id=4435bedf attempt=1 candidate_id=3ad8ae0a rollout=1 seed=9 duration_ms=184334 success=False reward=0.0 steps=49 error=None
2026-09-11T00:22:34Z rollout_done  iteration_id=4435bedf attempt=1 candidate_id=3ad8ae0a rollout=2 seed=9 duration_ms=186762 success=False reward=0.0 steps=49 error=None
2026-09-11T00:22:39Z rollout_done  iteration_id=4435bedf attempt=1 candidate_id=3ad8ae0a rollout=3 seed=9 duration_ms=191761 success=False reward=0.0 steps=49 error=None
2026-09-11T00:22:39Z candidate_evaluated  iteration_id=4435bedf attempt=1 candidate_id=3ad8ae0a k=5 success_rate=0.0 n_errors=0
2026-09-11T00:22:44Z mutator_decision  iteration_id=4435bedf attempt=1 decision=reject failure_axis=S0 failure_label=malformed_setup_actions rationale=The candidate's in_env_actions is malformed: it emitted `['do']` — a bare string, not a valid Action dict with `name` and `kwargs_json`. Every rollout shows `actions=['do', 'do', ...]` and the recent
2026-09-11T00:22:47Z candidate_reproposed  iteration_id=4435bedf attempt=1 rules_code_len=0
2026-09-11T00:25:18Z rollout_done  iteration_id=4435bedf attempt=2 candidate_id=ea123cc0 rollout=3 seed=9 duration_ms=150669 success=False reward=0.0 steps=50 error=None
2026-09-11T00:25:23Z rollout_done  iteration_id=4435bedf attempt=2 candidate_id=ea123cc0 rollout=0 seed=9 duration_ms=155674 success=False reward=0.0 steps=50 error=None
2026-09-11T00:25:27Z rollout_done  iteration_id=4435bedf attempt=2 candidate_id=ea123cc0 rollout=1 seed=9 duration_ms=159200 success=False reward=0.0 steps=50 error=None
2026-09-11T00:25:33Z rollout_done  iteration_id=4435bedf attempt=2 candidate_id=ea123cc0 rollout=4 seed=9 duration_ms=165909 success=False reward=0.0 steps=50 error=None
2026-09-11T00:25:46Z rollout_done  iteration_id=4435bedf attempt=2 candidate_id=ea123cc0 rollout=2 seed=9 duration_ms=178991 success=False reward=0.0 steps=50 error=None
2026-09-11T00:25:46Z candidate_evaluated  iteration_id=4435bedf attempt=2 candidate_id=ea123cc0 k=5 success_rate=0.0 n_errors=0
2026-09-11T00:25:52Z mutator_decision  iteration_id=4435bedf attempt=2 decision=accept failure_axis=task_understanding failure_label=empty_action_loop rationale=Baseline SR is 0.00 with the Policy emitting empty actions (all 50 steps are empty-action 'do' calls) and never making progress. This matches the empty-action loop visible in the sample trajectory whe
2026-09-11T00:25:52Z budget_stop  iteration_id=4435bedf attempts=2
2026-09-11T00:25:52Z checkpoint_saved  iteration_id=4435bedf path=checkpoints/task_0009_best_effort.json n_actions=1 rules_code_len=0 best_effort=True rollout_success_rate=0.0
2026-09-11T00:25:52Z task_end  task_idx=9 total_traces_so_far=120
2026-09-11T00:25:52Z iteration_end  outer=9 total_traces_so_far=120
2026-09-11T00:25:52Z task_start  task_idx=10
2026-09-11T00:25:52Z iteration_start  outer=10
2026-09-11T00:25:52Z baseline_compute_start  task_idx=10 task_id=10 n=5 key=cb04d7d56af46406
2026-09-11T00:29:45Z rollout_done  iteration_id=baseline-0010 attempt=0 candidate_id=baseline rollout=2 seed=10 duration_ms=233812 success=False reward=0.0 steps=50 error=None
2026-09-11T00:30:07Z rollout_done  iteration_id=baseline-0010 attempt=0 candidate_id=baseline rollout=1 seed=10 duration_ms=255550 success=False reward=0.0 steps=50 error=None
2026-09-11T00:30:25Z rollout_done  iteration_id=baseline-0010 attempt=0 candidate_id=baseline rollout=3 seed=10 duration_ms=273095 success=False reward=0.0 steps=50 error=None
2026-09-11T00:30:41Z rollout_done  iteration_id=baseline-0010 attempt=0 candidate_id=baseline rollout=0 seed=10 duration_ms=289517 success=False reward=0.0 steps=50 error=None
2026-09-11T00:30:42Z rollout_done  iteration_id=baseline-0010 attempt=0 candidate_id=baseline rollout=4 seed=10 duration_ms=289930 success=False reward=0.0 steps=50 error=None
2026-09-11T00:30:42Z baseline_compute_done  task_idx=10 task_id=10 n=5 sr=0.0 avg_success_steps=None sample_action_seq_len=0
2026-09-11T00:30:47Z candidate_proposed  iteration_id=2514fbe1 attempt=0 rules_code_len=757 n_in_env_actions=0 rationale=Baseline SR=0.0 (all 5 rollouts hit 50-step limit), and the sample trajectory shows the Policy wandering between sinkbas
2026-09-11T00:34:20Z rollout_done  iteration_id=2514fbe1 attempt=1 candidate_id=441b4c80 rollout=0 seed=10 duration_ms=213111 success=False reward=0.0 steps=50 error=None
2026-09-11T00:34:40Z rollout_done  iteration_id=2514fbe1 attempt=1 candidate_id=441b4c80 rollout=3 seed=10 duration_ms=233086 success=False reward=0.0 steps=50 error=None
2026-09-11T00:35:06Z rollout_done  iteration_id=2514fbe1 attempt=1 candidate_id=441b4c80 rollout=4 seed=10 duration_ms=259633 success=False reward=0.0 steps=50 error=None
2026-09-11T00:35:11Z rollout_done  iteration_id=2514fbe1 attempt=1 candidate_id=441b4c80 rollout=1 seed=10 duration_ms=264049 success=False reward=0.0 steps=50 error=None
2026-09-11T00:35:18Z rollout_done  iteration_id=2514fbe1 attempt=1 candidate_id=441b4c80 rollout=2 seed=10 duration_ms=271377 success=False reward=0.0 steps=50 error=None
2026-09-11T00:35:18Z candidate_evaluated  iteration_id=2514fbe1 attempt=1 candidate_id=441b4c80 k=5 success_rate=0.0 n_errors=0
2026-09-11T00:35:23Z mutator_decision  iteration_id=2514fbe1 attempt=1 decision=reject failure_axis=task_understanding failure_label=empty_action_loop rationale=Baseline SR=0.0 with all rollouts hitting the 50-step limit and empty/looping actions. The candidate's T-axis "Nothing happens" perturbation had no measurable effect — SR stayed 0.0 across all 5 rollo
2026-09-11T00:35:27Z candidate_reproposed  iteration_id=2514fbe1 attempt=1 rules_code_len=0
2026-09-11T00:40:00Z rollout_done  iteration_id=2514fbe1 attempt=2 candidate_id=6d7134f1 rollout=4 seed=10 duration_ms=272225 success=False reward=0.0 steps=46 error=None
2026-09-11T00:40:10Z rollout_done  iteration_id=2514fbe1 attempt=2 candidate_id=6d7134f1 rollout=1 seed=10 duration_ms=282750 success=False reward=0.0 steps=46 error=None
2026-09-11T00:40:13Z rollout_done  iteration_id=2514fbe1 attempt=2 candidate_id=6d7134f1 rollout=3 seed=10 duration_ms=285230 success=False reward=0.0 steps=46 error=None
2026-09-11T00:40:21Z rollout_done  iteration_id=2514fbe1 attempt=2 candidate_id=6d7134f1 rollout=0 seed=10 duration_ms=293568 success=False reward=0.0 steps=46 error=None
2026-09-11T00:40:22Z rollout_done  iteration_id=2514fbe1 attempt=2 candidate_id=6d7134f1 rollout=2 seed=10 duration_ms=294371 success=False reward=0.0 steps=46 error=None
2026-09-11T00:40:22Z candidate_evaluated  iteration_id=2514fbe1 attempt=2 candidate_id=6d7134f1 k=5 success_rate=0.0 n_errors=0
2026-09-11T00:40:27Z mutator_decision  iteration_id=2514fbe1 attempt=2 decision=reject failure_axis=S0 failure_label=empty_setup_actions rationale=The candidate's in_env_actions were empty shells: the per-rollout actions list shows only bare 'do' entries with no kwargs_json (no actual command text), so the Setup replay did nothing meaningful. Al
2026-09-11T00:40:30Z candidate_reproposed  iteration_id=2514fbe1 attempt=2 rules_code_len=0
2026-09-11T00:46:04Z rollout_done  iteration_id=2514fbe1 attempt=3 candidate_id=216b25dc rollout=1 seed=10 duration_ms=334463 success=False reward=0.0 steps=50 error=None
2026-09-11T00:46:07Z rollout_done  iteration_id=2514fbe1 attempt=3 candidate_id=216b25dc rollout=2 seed=10 duration_ms=336805 success=False reward=0.0 steps=50 error=None
2026-09-11T00:46:11Z rollout_done  iteration_id=2514fbe1 attempt=3 candidate_id=216b25dc rollout=4 seed=10 duration_ms=340926 success=False reward=0.0 steps=50 error=None
2026-09-11T00:47:02Z rollout_done  iteration_id=2514fbe1 attempt=3 candidate_id=216b25dc rollout=3 seed=10 duration_ms=392291 success=False reward=0.0 steps=50 error=None
2026-09-11T00:47:47Z rollout_done  iteration_id=2514fbe1 attempt=3 candidate_id=216b25dc rollout=0 seed=10 duration_ms=437013 success=False reward=0.0 steps=50 error=None
2026-09-11T00:47:47Z candidate_evaluated  iteration_id=2514fbe1 attempt=3 candidate_id=216b25dc k=5 success_rate=0.0 n_errors=0
2026-09-11T00:47:53Z mutator_decision  iteration_id=2514fbe1 attempt=3 decision=reject failure_axis=task_understanding failure_label=empty_action_loop rationale=Baseline SR is 0.00 with empty_action_loop failures — the Policy emits empty actions and never engages with the task. The candidate was a pass-through no-op, which produced identical results (0/5, all
2026-09-11T00:47:57Z candidate_reproposed  iteration_id=2514fbe1 attempt=3 rules_code_len=0
2026-09-11T00:52:27Z rollout_done  iteration_id=2514fbe1 attempt=4 candidate_id=a41bf4b4 rollout=4 seed=10 duration_ms=270555 success=False reward=0.0 steps=46 error=None
2026-09-11T00:52:35Z rollout_done  iteration_id=2514fbe1 attempt=4 candidate_id=a41bf4b4 rollout=1 seed=10 duration_ms=278063 success=False reward=0.0 steps=46 error=None
2026-09-11T00:52:42Z rollout_done  iteration_id=2514fbe1 attempt=4 candidate_id=a41bf4b4 rollout=3 seed=10 duration_ms=284981 success=False reward=0.0 steps=46 error=None
2026-09-11T00:52:53Z rollout_done  iteration_id=2514fbe1 attempt=4 candidate_id=a41bf4b4 rollout=0 seed=10 duration_ms=295664 success=False reward=0.0 steps=46 error=None
2026-09-11T00:53:15Z rollout_done  iteration_id=2514fbe1 attempt=4 candidate_id=a41bf4b4 rollout=2 seed=10 duration_ms=318428 success=False reward=0.0 steps=46 error=None
2026-09-11T00:53:15Z candidate_evaluated  iteration_id=2514fbe1 attempt=4 candidate_id=a41bf4b4 k=5 success_rate=0.0 n_errors=0
2026-09-11T00:53:20Z mutator_decision  iteration_id=2514fbe1 attempt=4 decision=reject failure_axis=S0 failure_label=malformed_setup_actions rationale=The candidate's in_env_actions were malformed — the trace shows actions=['do','do','do','do'] (the string 'do' repeated) rather than valid Action objects with kwargs, so the Setup harness effectively
2026-09-11T00:53:24Z candidate_reproposed  iteration_id=2514fbe1 attempt=4 rules_code_len=0
2026-09-11T00:58:25Z rollout_done  iteration_id=2514fbe1 attempt=5 candidate_id=083d7b4c rollout=0 seed=10 duration_ms=301643 success=False reward=0.0 steps=48 error=None
2026-09-11T00:58:31Z rollout_done  iteration_id=2514fbe1 attempt=5 candidate_id=083d7b4c rollout=1 seed=10 duration_ms=307773 success=False reward=0.0 steps=48 error=None
2026-09-11T00:58:47Z rollout_done  iteration_id=2514fbe1 attempt=5 candidate_id=083d7b4c rollout=2 seed=10 duration_ms=323270 success=False reward=0.0 steps=48 error=None
2026-09-11T00:58:51Z rollout_done  iteration_id=2514fbe1 attempt=5 candidate_id=083d7b4c rollout=3 seed=10 duration_ms=327228 success=False reward=0.0 steps=48 error=None
2026-09-11T00:59:05Z rollout_done  iteration_id=2514fbe1 attempt=5 candidate_id=083d7b4c rollout=4 seed=10 duration_ms=341037 success=False reward=0.0 steps=48 error=None
2026-09-11T00:59:05Z candidate_evaluated  iteration_id=2514fbe1 attempt=5 candidate_id=083d7b4c k=5 success_rate=0.0 n_errors=0
2026-09-11T00:59:10Z mutator_decision  iteration_id=2514fbe1 attempt=5 decision=reject failure_axis=S0 failure_label=malformed_setup_actions rationale=The candidate is malformed: in_env_actions was emitted as ['do', 'do'] (bare strings) instead of valid Tool-call dicts with name='do' and kwargs_json. Every rollout shows actions=['do','do',...] and t
2026-09-11T00:59:10Z budget_stop  iteration_id=2514fbe1 attempts=5
2026-09-11T00:59:10Z checkpoint_saved  iteration_id=2514fbe1 path=checkpoints/task_0010_best_effort.json n_actions=0 rules_code_len=757 best_effort=True rollout_success_rate=0.0
2026-09-11T00:59:10Z task_end  task_idx=10 total_traces_so_far=150
2026-09-11T00:59:10Z iteration_end  outer=10 total_traces_so_far=150
2026-09-11T00:59:10Z task_start  task_idx=11
2026-09-11T00:59:10Z iteration_start  outer=11
2026-09-11T00:59:10Z baseline_compute_start  task_idx=11 task_id=11 n=5 key=0092838e3d88665e
2026-09-11T01:02:52Z rollout_done  iteration_id=baseline-0011 attempt=0 candidate_id=baseline rollout=4 seed=11 duration_ms=222689 success=False reward=0.0 steps=50 error=None
2026-09-11T01:02:55Z rollout_done  iteration_id=baseline-0011 attempt=0 candidate_id=baseline rollout=2 seed=11 duration_ms=225184 success=False reward=0.0 steps=50 error=None
2026-09-11T01:02:56Z rollout_done  iteration_id=baseline-0011 attempt=0 candidate_id=baseline rollout=3 seed=11 duration_ms=225977 success=False reward=0.0 steps=50 error=None
2026-09-11T01:03:04Z rollout_done  iteration_id=baseline-0011 attempt=0 candidate_id=baseline rollout=0 seed=11 duration_ms=233955 success=False reward=0.0 steps=50 error=None
2026-09-11T01:03:04Z rollout_done  iteration_id=baseline-0011 attempt=0 candidate_id=baseline rollout=1 seed=11 duration_ms=234420 success=False reward=0.0 steps=50 error=None
2026-09-11T01:03:04Z baseline_compute_done  task_idx=11 task_id=11 n=5 sr=0.0 avg_success_steps=None sample_action_seq_len=0
2026-09-11T01:03:13Z candidate_proposed  iteration_id=287348cf attempt=0 rules_code_len=0 n_in_env_actions=4 rationale=Baseline SR is 0.00, but the sample trajectory shows the Policy actually solves the task correctly (pick up mug, cool it
2026-09-11T01:06:13Z rollout_done  iteration_id=287348cf attempt=1 candidate_id=806187da rollout=0 seed=11 duration_ms=180264 success=False reward=0.0 steps=46 error=None
2026-09-11T01:06:24Z rollout_done  iteration_id=287348cf attempt=1 candidate_id=806187da rollout=4 seed=11 duration_ms=191688 success=False reward=0.0 steps=46 error=None
2026-09-11T01:06:42Z rollout_done  iteration_id=287348cf attempt=1 candidate_id=806187da rollout=3 seed=11 duration_ms=209033 success=False reward=0.0 steps=46 error=None
2026-09-11T01:06:50Z rollout_done  iteration_id=287348cf attempt=1 candidate_id=806187da rollout=1 seed=11 duration_ms=217020 success=False reward=0.0 steps=46 error=None
2026-09-11T01:06:55Z rollout_done  iteration_id=287348cf attempt=1 candidate_id=806187da rollout=2 seed=11 duration_ms=222847 success=False reward=0.0 steps=46 error=None
2026-09-11T01:06:55Z candidate_evaluated  iteration_id=287348cf attempt=1 candidate_id=806187da k=5 success_rate=0.0 n_errors=0
2026-09-11T01:07:01Z mutator_decision  iteration_id=287348cf attempt=1 decision=reject failure_axis=S0 failure_label=malformed_setup_actions rationale=The candidate's in_env_actions is malformed. The recent traces show fail=malformed_setup_actions across all rollouts, and the per-rollout actions list is literally ['do', 'do', 'do', 'do'] — bare stri
2026-09-11T01:07:07Z candidate_reproposed  iteration_id=287348cf attempt=1 rules_code_len=0
2026-09-11T01:09:42Z rollout_done  iteration_id=287348cf attempt=2 candidate_id=80bf4666 rollout=2 seed=11 duration_ms=155630 success=False reward=0.0 steps=45 error=None
2026-09-11T01:09:43Z rollout_done  iteration_id=287348cf attempt=2 candidate_id=80bf4666 rollout=4 seed=11 duration_ms=156886 success=False reward=0.0 steps=45 error=None
2026-09-11T01:09:51Z rollout_done  iteration_id=287348cf attempt=2 candidate_id=80bf4666 rollout=3 seed=11 duration_ms=164154 success=False reward=0.0 steps=45 error=None
2026-09-11T01:09:52Z rollout_done  iteration_id=287348cf attempt=2 candidate_id=80bf4666 rollout=1 seed=11 duration_ms=165008 success=False reward=0.0 steps=45 error=None
2026-09-11T01:10:17Z rollout_done  iteration_id=287348cf attempt=2 candidate_id=80bf4666 rollout=0 seed=11 duration_ms=190784 success=False reward=0.0 steps=45 error=None
2026-09-11T01:10:17Z candidate_evaluated  iteration_id=287348cf attempt=2 candidate_id=80bf4666 k=5 success_rate=0.0 n_errors=0
2026-09-11T01:10:23Z mutator_decision  iteration_id=287348cf attempt=2 decision=reject failure_axis=S0 failure_label=malformed_setup_actions rationale=The candidate is broken: in_env_actions is a list of 5 bare 'do' strings rather than valid Action objects with name='do' and kwargs_json containing a real command. This produced malformed_setup_action
2026-09-11T01:10:28Z candidate_reproposed  iteration_id=287348cf attempt=2 rules_code_len=0
2026-09-11T01:13:50Z rollout_done  iteration_id=287348cf attempt=3 candidate_id=68a4c393 rollout=1 seed=11 duration_ms=202337 success=False reward=0.0 steps=50 error=None
2026-09-11T01:14:05Z rollout_done  iteration_id=287348cf attempt=3 candidate_id=68a4c393 rollout=0 seed=11 duration_ms=217262 success=False reward=0.0 steps=50 error=None
2026-09-11T01:14:20Z rollout_done  iteration_id=287348cf attempt=3 candidate_id=68a4c393 rollout=4 seed=11 duration_ms=231773 success=False reward=0.0 steps=50 error=None
2026-09-11T01:14:23Z rollout_done  iteration_id=287348cf attempt=3 candidate_id=68a4c393 rollout=3 seed=11 duration_ms=235097 success=False reward=0.0 steps=50 error=None
2026-09-11T01:14:24Z rollout_done  iteration_id=287348cf attempt=3 candidate_id=68a4c393 rollout=2 seed=11 duration_ms=235534 success=False reward=0.0 steps=50 error=None
2026-09-11T01:14:24Z candidate_evaluated  iteration_id=287348cf attempt=3 candidate_id=68a4c393 k=5 success_rate=0.0 n_errors=0
2026-09-11T01:14:29Z mutator_decision  iteration_id=287348cf attempt=3 decision=reject failure_axis=task_understanding failure_label=no-op_reproduces_baseline rationale=This candidate was a pass-through (empty rules_code, empty in_env_actions), so it reproduced the baseline exactly: SR=0.00 (0/5), all rollouts hitting the 50-step cap. It provides no signal toward the
2026-09-11T01:14:33Z candidate_reproposed  iteration_id=287348cf attempt=3 rules_code_len=0
2026-09-11T01:17:38Z rollout_done  iteration_id=287348cf attempt=4 candidate_id=0e58b3f4 rollout=1 seed=11 duration_ms=184585 success=False reward=0.0 steps=50 error=None
2026-09-11T01:17:43Z rollout_done  iteration_id=287348cf attempt=4 candidate_id=0e58b3f4 rollout=3 seed=11 duration_ms=190181 success=False reward=0.0 steps=50 error=None
2026-09-11T01:17:46Z rollout_done  iteration_id=287348cf attempt=4 candidate_id=0e58b3f4 rollout=2 seed=11 duration_ms=192530 success=False reward=0.0 steps=50 error=None
2026-09-11T01:18:15Z rollout_done  iteration_id=287348cf attempt=4 candidate_id=0e58b3f4 rollout=4 seed=11 duration_ms=222166 success=False reward=0.0 steps=50 error=None
2026-09-11T01:18:50Z rollout_done  iteration_id=287348cf attempt=4 candidate_id=0e58b3f4 rollout=0 seed=11 duration_ms=257376 success=False reward=0.0 steps=50 error=None
2026-09-11T01:18:50Z candidate_evaluated  iteration_id=287348cf attempt=4 candidate_id=0e58b3f4 k=5 success_rate=0.0 n_errors=0
2026-09-11T01:18:57Z mutator_decision  iteration_id=287348cf attempt=4 decision=reject failure_axis=task_understanding failure_label=policy_cannot_locate_cool_cup rationale=The candidate was a skip (empty rules_code, empty in_env_actions), which is a pure no-op reproducing the baseline. Baseline SR is 0.00 and the no-op reproduced exactly that (0/5, all 50-step timeouts)
2026-09-11T01:19:02Z candidate_reproposed  iteration_id=287348cf attempt=4 rules_code_len=0
2026-09-11T01:21:58Z rollout_done  iteration_id=287348cf attempt=5 candidate_id=5368397e rollout=2 seed=11 duration_ms=175841 success=False reward=0.0 steps=46 error=None
2026-09-11T01:22:14Z rollout_done  iteration_id=287348cf attempt=5 candidate_id=5368397e rollout=4 seed=11 duration_ms=191221 success=False reward=0.0 steps=46 error=None
2026-09-11T01:22:21Z rollout_done  iteration_id=287348cf attempt=5 candidate_id=5368397e rollout=3 seed=11 duration_ms=198566 success=False reward=0.0 steps=46 error=None
2026-09-11T01:22:21Z rollout_done  iteration_id=287348cf attempt=5 candidate_id=5368397e rollout=0 seed=11 duration_ms=198733 success=False reward=0.0 steps=46 error=None
2026-09-11T01:22:33Z rollout_done  iteration_id=287348cf attempt=5 candidate_id=5368397e rollout=1 seed=11 duration_ms=210635 success=False reward=0.0 steps=46 error=None
2026-09-11T01:22:33Z candidate_evaluated  iteration_id=287348cf attempt=5 candidate_id=5368397e k=5 success_rate=0.0 n_errors=0
2026-09-11T01:22:39Z mutator_decision  iteration_id=287348cf attempt=5 decision=reject failure_axis=task_understanding failure_label=policy_cannot_locate_cool_cup rationale=Baseline SR is 0.0 and the candidate (S0 pre-positioning via in_env_actions) produced SR 0.0 again — no change. The diagnosis "policy_cannot_locate_cool_cup" is a task-understanding failure: the Polic
2026-09-11T01:22:39Z budget_stop  iteration_id=287348cf attempts=5
2026-09-11T01:22:39Z checkpoint_saved  iteration_id=287348cf path=checkpoints/task_0011_best_effort.json n_actions=4 rules_code_len=0 best_effort=True rollout_success_rate=0.0
2026-09-11T01:22:39Z task_end  task_idx=11 total_traces_so_far=180
2026-09-11T01:22:39Z iteration_end  outer=11 total_traces_so_far=180
2026-09-11T01:22:39Z task_start  task_idx=12
2026-09-11T01:22:39Z iteration_start  outer=12
2026-09-11T01:22:39Z baseline_compute_start  task_idx=12 task_id=12 n=5 key=c09ba5f568525a91
2026-09-11T01:23:03Z rollout_done  iteration_id=baseline-0012 attempt=0 candidate_id=baseline rollout=4 seed=12 duration_ms=24234 success=True reward=1.0 steps=8 error=None
2026-09-11T01:23:11Z rollout_done  iteration_id=baseline-0012 attempt=0 candidate_id=baseline rollout=1 seed=12 duration_ms=32306 success=True reward=1.0 steps=12 error=None
2026-09-11T01:23:13Z rollout_done  iteration_id=baseline-0012 attempt=0 candidate_id=baseline rollout=3 seed=12 duration_ms=34162 success=True reward=1.0 steps=12 error=None
2026-09-11T01:23:13Z rollout_done  iteration_id=baseline-0012 attempt=0 candidate_id=baseline rollout=0 seed=12 duration_ms=34249 success=True reward=1.0 steps=12 error=None
2026-09-11T01:23:15Z rollout_done  iteration_id=baseline-0012 attempt=0 candidate_id=baseline rollout=2 seed=12 duration_ms=35604 success=True reward=1.0 steps=12 error=None
2026-09-11T01:23:15Z baseline_compute_done  task_idx=12 task_id=12 n=5 sr=1.0 avg_success_steps=11.2 sample_action_seq_len=8
2026-09-11T01:23:17Z candidate_proposed  iteration_id=a66aaa1f attempt=0 rules_code_len=0 n_in_env_actions=0 rationale=Baseline SR is 1.00 (5/5), so per Phase 1 this is an easy task the Policy already solves — skip rather than mutate. No f
2026-09-11T01:23:17Z task_skipped_passthrough  iteration_id=a66aaa1f task_idx=12 task_id=12 rationale=Baseline SR is 1.00 (5/5), so per Phase 1 this is an easy task the Policy already solves — skip rather than mutate. No f
2026-09-11T01:23:17Z task_end  task_idx=12 total_traces_so_far=185
2026-09-11T01:23:17Z iteration_end  outer=12 total_traces_so_far=185
2026-09-11T01:23:17Z task_start  task_idx=13
2026-09-11T01:23:17Z iteration_start  outer=13
2026-09-11T01:23:17Z baseline_compute_start  task_idx=13 task_id=13 n=5 key=e95ba16515077677
2026-09-11T01:24:22Z rollout_done  iteration_id=baseline-0013 attempt=0 candidate_id=baseline rollout=4 seed=13 duration_ms=65551 success=True reward=1.0 steps=18 error=None
2026-09-11T01:24:23Z rollout_done  iteration_id=baseline-0013 attempt=0 candidate_id=baseline rollout=1 seed=13 duration_ms=66258 success=True reward=1.0 steps=18 error=None
2026-09-11T01:24:28Z rollout_done  iteration_id=baseline-0013 attempt=0 candidate_id=baseline rollout=2 seed=13 duration_ms=71342 success=True reward=1.0 steps=18 error=None
2026-09-11T01:24:45Z rollout_done  iteration_id=baseline-0013 attempt=0 candidate_id=baseline rollout=0 seed=13 duration_ms=88350 success=True reward=1.0 steps=30 error=None
2026-09-11T01:24:45Z rollout_done  iteration_id=baseline-0013 attempt=0 candidate_id=baseline rollout=3 seed=13 duration_ms=88386 success=True reward=1.0 steps=30 error=None
2026-09-11T01:24:45Z baseline_compute_done  task_idx=13 task_id=13 n=5 sr=1.0 avg_success_steps=22.8 sample_action_seq_len=18
2026-09-11T01:24:48Z candidate_proposed  iteration_id=307e32c6 attempt=0 rules_code_len=0 n_in_env_actions=0 rationale=Baseline SR is 1.00 (5/5), so per Phase 1 this task is easy and should be skipped. The Policy already solves it robustly
2026-09-11T01:24:48Z task_skipped_passthrough  iteration_id=307e32c6 task_idx=13 task_id=13 rationale=Baseline SR is 1.00 (5/5), so per Phase 1 this task is easy and should be skipped. The Policy already solves it robustly
2026-09-11T01:24:48Z task_end  task_idx=13 total_traces_so_far=190
2026-09-11T01:24:48Z iteration_end  outer=13 total_traces_so_far=190
2026-09-11T01:24:48Z task_start  task_idx=14
2026-09-11T01:24:48Z iteration_start  outer=14
2026-09-11T01:24:48Z baseline_compute_start  task_idx=14 task_id=14 n=5 key=75acd3d34528432e
2026-09-11T01:27:29Z rollout_done  iteration_id=baseline-0014 attempt=0 candidate_id=baseline rollout=2 seed=14 duration_ms=160380 success=False reward=0.0 steps=50 error=None
2026-09-11T01:27:30Z rollout_done  iteration_id=baseline-0014 attempt=0 candidate_id=baseline rollout=1 seed=14 duration_ms=162267 success=False reward=0.0 steps=50 error=None
2026-09-11T01:27:37Z rollout_done  iteration_id=baseline-0014 attempt=0 candidate_id=baseline rollout=4 seed=14 duration_ms=168567 success=False reward=0.0 steps=50 error=None
2026-09-11T01:27:41Z rollout_done  iteration_id=baseline-0014 attempt=0 candidate_id=baseline rollout=0 seed=14 duration_ms=173280 success=False reward=0.0 steps=50 error=None
2026-09-11T01:27:52Z rollout_done  iteration_id=baseline-0014 attempt=0 candidate_id=baseline rollout=3 seed=14 duration_ms=184109 success=False reward=0.0 steps=50 error=None
2026-09-11T01:27:52Z baseline_compute_done  task_idx=14 task_id=14 n=5 sr=0.0 avg_success_steps=None sample_action_seq_len=0
2026-09-11T01:27:58Z candidate_proposed  iteration_id=b853d79e attempt=0 rules_code_len=0 n_in_env_actions=2 rationale=Baseline SR is 0.00 (0/5), all rollouts hitting 50-step timeout. The failure mode is clear: the Policy loops between des
2026-09-11T01:30:32Z rollout_done  iteration_id=b853d79e attempt=1 candidate_id=fd048426 rollout=0 seed=14 duration_ms=154390 success=False reward=0.0 steps=48 error=None
2026-09-11T01:30:43Z rollout_done  iteration_id=b853d79e attempt=1 candidate_id=fd048426 rollout=4 seed=14 duration_ms=164891 success=False reward=0.0 steps=48 error=None
2026-09-11T01:30:44Z rollout_done  iteration_id=b853d79e attempt=1 candidate_id=fd048426 rollout=2 seed=14 duration_ms=166413 success=False reward=0.0 steps=48 error=None
2026-09-11T01:30:46Z rollout_done  iteration_id=b853d79e attempt=1 candidate_id=fd048426 rollout=3 seed=14 duration_ms=168186 success=False reward=0.0 steps=48 error=None
2026-09-11T01:30:51Z rollout_done  iteration_id=b853d79e attempt=1 candidate_id=fd048426 rollout=1 seed=14 duration_ms=172614 success=False reward=0.0 steps=48 error=None
2026-09-11T01:30:51Z candidate_evaluated  iteration_id=b853d79e attempt=1 candidate_id=fd048426 k=5 success_rate=0.0 n_errors=0
2026-09-11T01:30:59Z mutator_decision  iteration_id=b853d79e attempt=1 decision=reject failure_axis=task_understanding failure_label=policy_does_not_look rationale=The candidate's S0 harness failed: 0/5 success, and every rollout shows actions=['do','do',...] with 48 steps and no blocked steps. Critically, the in_env_actions were serialized as literal strings 'd
2026-09-11T01:31:04Z candidate_reproposed  iteration_id=b853d79e attempt=1 rules_code_len=0
2026-09-11T01:33:54Z rollout_done  iteration_id=b853d79e attempt=2 candidate_id=409bf956 rollout=0 seed=14 duration_ms=169439 success=False reward=0.0 steps=48 error=None
2026-09-11T01:33:59Z rollout_done  iteration_id=b853d79e attempt=2 candidate_id=409bf956 rollout=1 seed=14 duration_ms=175108 success=False reward=0.0 steps=48 error=None
2026-09-11T01:34:02Z rollout_done  iteration_id=b853d79e attempt=2 candidate_id=409bf956 rollout=2 seed=14 duration_ms=177931 success=False reward=0.0 steps=48 error=None
2026-09-11T01:34:05Z rollout_done  iteration_id=b853d79e attempt=2 candidate_id=409bf956 rollout=4 seed=14 duration_ms=180802 success=False reward=0.0 steps=48 error=None
2026-09-11T01:34:06Z rollout_done  iteration_id=b853d79e attempt=2 candidate_id=409bf956 rollout=3 seed=14 duration_ms=181274 success=False reward=0.0 steps=48 error=None
2026-09-11T01:34:06Z candidate_evaluated  iteration_id=b853d79e attempt=2 candidate_id=409bf956 k=5 success_rate=0.0 n_errors=0
2026-09-11T01:34:12Z mutator_decision  iteration_id=b853d79e attempt=2 decision=reject failure_axis=S0 failure_label=malformed_setup_actions rationale=The candidate's in_env_actions were malformed — the replay showed actions=['do','do','do',...] with no actual command text (the Setup harness emitted bare `do` tool calls with empty/absent kwargs), so
2026-09-11T01:34:16Z candidate_reproposed  iteration_id=b853d79e attempt=2 rules_code_len=0
2026-09-11T01:36:52Z rollout_done  iteration_id=b853d79e attempt=3 candidate_id=709bffa8 rollout=3 seed=14 duration_ms=155664 success=False reward=0.0 steps=48 error=None
2026-09-11T01:36:56Z rollout_done  iteration_id=b853d79e attempt=3 candidate_id=709bffa8 rollout=1 seed=14 duration_ms=159280 success=False reward=0.0 steps=48 error=None
2026-09-11T01:36:57Z rollout_done  iteration_id=b853d79e attempt=3 candidate_id=709bffa8 rollout=4 seed=14 duration_ms=160918 success=False reward=0.0 steps=48 error=None
2026-09-11T01:37:07Z rollout_done  iteration_id=b853d79e attempt=3 candidate_id=709bffa8 rollout=0 seed=14 duration_ms=170811 success=False reward=0.0 steps=48 error=None
2026-09-11T01:37:07Z rollout_done  iteration_id=b853d79e attempt=3 candidate_id=709bffa8 rollout=2 seed=14 duration_ms=170985 success=False reward=0.0 steps=48 error=None
2026-09-11T01:37:07Z candidate_evaluated  iteration_id=b853d79e attempt=3 candidate_id=709bffa8 k=5 success_rate=0.0 n_errors=0
2026-09-11T01:37:13Z mutator_decision  iteration_id=b853d79e attempt=3 decision=reject failure_axis=S0 failure_label=malformed_setup_actions rationale=The candidate's in_env_actions were malformed — the field contained bare strings ('do', 'do') instead of valid Tool-call Action dicts ({"name":"do","kwargs_json":"{\"text\":\"...\"}"}). Every rollout
2026-09-11T01:37:19Z candidate_reproposed  iteration_id=b853d79e attempt=3 rules_code_len=0
2026-09-11T01:39:41Z rollout_done  iteration_id=b853d79e attempt=4 candidate_id=65c79230 rollout=4 seed=14 duration_ms=141702 success=False reward=0.0 steps=48 error=None
2026-09-11T01:39:50Z rollout_done  iteration_id=b853d79e attempt=4 candidate_id=65c79230 rollout=1 seed=14 duration_ms=150363 success=False reward=0.0 steps=48 error=None
2026-09-11T01:40:01Z rollout_done  iteration_id=b853d79e attempt=4 candidate_id=65c79230 rollout=0 seed=14 duration_ms=161383 success=False reward=0.0 steps=48 error=None
2026-09-11T01:40:04Z rollout_done  iteration_id=b853d79e attempt=4 candidate_id=65c79230 rollout=3 seed=14 duration_ms=164731 success=False reward=0.0 steps=48 error=None
2026-09-11T01:40:18Z rollout_done  iteration_id=b853d79e attempt=4 candidate_id=65c79230 rollout=2 seed=14 duration_ms=178594 success=False reward=0.0 steps=48 error=None
2026-09-11T01:40:18Z candidate_evaluated  iteration_id=b853d79e attempt=4 candidate_id=65c79230 k=5 success_rate=0.0 n_errors=0
2026-09-11T01:40:24Z mutator_decision  iteration_id=b853d79e attempt=4 decision=reject failure_axis=S0 failure_label=malformed_setup_actions rationale=The candidate's in_env_actions were malformed: `['do', 'do']` is a list of bare strings, not Action objects, so the Setup harness failed with `malformed_setup_actions` on every rollout (all 5 seeds id
2026-09-11T01:40:32Z candidate_reproposed  iteration_id=b853d79e attempt=4 rules_code_len=651
2026-09-11T01:43:23Z rollout_done  iteration_id=b853d79e attempt=5 candidate_id=e8e38db1 rollout=1 seed=14 duration_ms=171018 success=False reward=0.0 steps=49 error=None
2026-09-11T01:43:24Z rollout_done  iteration_id=b853d79e attempt=5 candidate_id=e8e38db1 rollout=3 seed=14 duration_ms=171931 success=False reward=0.0 steps=49 error=None
2026-09-11T01:43:24Z rollout_done  iteration_id=b853d79e attempt=5 candidate_id=e8e38db1 rollout=0 seed=14 duration_ms=172654 success=False reward=0.0 steps=49 error=None
2026-09-11T01:43:27Z rollout_done  iteration_id=b853d79e attempt=5 candidate_id=e8e38db1 rollout=2 seed=14 duration_ms=175313 success=False reward=0.0 steps=49 error=None
2026-09-11T01:43:28Z rollout_done  iteration_id=b853d79e attempt=5 candidate_id=e8e38db1 rollout=4 seed=14 duration_ms=176339 success=False reward=0.0 steps=49 error=None
2026-09-11T01:43:28Z candidate_evaluated  iteration_id=b853d79e attempt=5 candidate_id=e8e38db1 k=5 success_rate=0.0 n_errors=0
2026-09-11T01:43:35Z mutator_decision  iteration_id=b853d79e attempt=5 decision=reject failure_axis=S0 failure_label=malformed_setup_actions rationale=The candidate is broken at the Setup layer: `in_env_actions: ['do']` is malformed (a bare string, not a valid Action dict with `name`/`kwargs_json`), so every rollout fails with `malformed_setup_actio
2026-09-11T01:43:35Z budget_stop  iteration_id=b853d79e attempts=5
2026-09-11T01:43:35Z checkpoint_saved  iteration_id=b853d79e path=checkpoints/task_0014_best_effort.json n_actions=2 rules_code_len=0 best_effort=True rollout_success_rate=0.0
2026-09-11T01:43:35Z task_end  task_idx=14 total_traces_so_far=220
2026-09-11T01:43:35Z iteration_end  outer=14 total_traces_so_far=220
2026-09-11T01:43:35Z task_start  task_idx=15
2026-09-11T01:43:35Z iteration_start  outer=15
2026-09-11T01:43:35Z baseline_compute_start  task_idx=15 task_id=15 n=5 key=b44efaa7b9d38e58
2026-09-11T01:44:44Z rollout_done  iteration_id=baseline-0015 attempt=0 candidate_id=baseline rollout=3 seed=15 duration_ms=68750 success=True reward=1.0 steps=18 error=None
2026-09-11T01:44:44Z rollout_done  iteration_id=baseline-0015 attempt=0 candidate_id=baseline rollout=4 seed=15 duration_ms=69534 success=True reward=1.0 steps=18 error=None
2026-09-11T01:44:44Z rollout_done  iteration_id=baseline-0015 attempt=0 candidate_id=baseline rollout=2 seed=15 duration_ms=69540 success=True reward=1.0 steps=18 error=None
2026-09-11T01:44:47Z rollout_done  iteration_id=baseline-0015 attempt=0 candidate_id=baseline rollout=0 seed=15 duration_ms=72156 success=True reward=1.0 steps=23 error=None
2026-09-11T01:44:56Z rollout_done  iteration_id=baseline-0015 attempt=0 candidate_id=baseline rollout=1 seed=15 duration_ms=81124 success=True reward=1.0 steps=30 error=None
2026-09-11T01:44:56Z baseline_compute_done  task_idx=15 task_id=15 n=5 sr=1.0 avg_success_steps=21.4 sample_action_seq_len=18
2026-09-11T01:44:59Z candidate_proposed  iteration_id=626fb032 attempt=0 rules_code_len=0 n_in_env_actions=0 rationale=Baseline SR is 1.00, so per Phase 1 this task should be skipped (Policy already solves it; no recoverable failure mode t
2026-09-11T01:44:59Z task_skipped_passthrough  iteration_id=626fb032 task_idx=15 task_id=15 rationale=Baseline SR is 1.00, so per Phase 1 this task should be skipped (Policy already solves it; no recoverable failure mode t
2026-09-11T01:44:59Z task_end  task_idx=15 total_traces_so_far=225
2026-09-11T01:44:59Z iteration_end  outer=15 total_traces_so_far=225
2026-09-11T01:44:59Z task_start  task_idx=16
2026-09-11T01:44:59Z iteration_start  outer=16
2026-09-11T01:44:59Z baseline_compute_start  task_idx=16 task_id=16 n=5 key=c7e1f3d57527a74f
2026-09-11T01:46:50Z rollout_done  iteration_id=baseline-0016 attempt=0 candidate_id=baseline rollout=1 seed=16 duration_ms=111744 success=True reward=1.0 steps=35 error=None
2026-09-11T01:47:46Z rollout_done  iteration_id=baseline-0016 attempt=0 candidate_id=baseline rollout=4 seed=16 duration_ms=167609 success=False reward=0.0 steps=50 error=None
2026-09-11T01:47:48Z rollout_done  iteration_id=baseline-0016 attempt=0 candidate_id=baseline rollout=0 seed=16 duration_ms=169244 success=False reward=0.0 steps=50 error=None
2026-09-11T01:47:49Z rollout_done  iteration_id=baseline-0016 attempt=0 candidate_id=baseline rollout=3 seed=16 duration_ms=170760 success=False reward=0.0 steps=50 error=None
2026-09-11T01:47:51Z rollout_done  iteration_id=baseline-0016 attempt=0 candidate_id=baseline rollout=2 seed=16 duration_ms=172801 success=False reward=0.0 steps=50 error=None
2026-09-11T01:47:51Z baseline_compute_done  task_idx=16 task_id=16 n=5 sr=0.2 avg_success_steps=35.0 sample_action_seq_len=35
2026-09-11T01:48:02Z candidate_proposed  iteration_id=65c25025 attempt=0 rules_code_len=1874 n_in_env_actions=0 rationale=Baseline SR is 0.20 (1/5), within target band per the experiment instructions (0.0 < SR < 0.6 = TARGET). The failure mod
2026-09-11T01:48:02Z rollout_done  iteration_id=65c25025 attempt=1 candidate_id=334c5a29 rollout=3 seed=16 duration_ms=136 success=False reward=0.0 steps=0 error=subprocess exit 1
2026-09-11T01:48:02Z rollout_done  iteration_id=65c25025 attempt=1 candidate_id=334c5a29 rollout=2 seed=16 duration_ms=137 success=False reward=0.0 steps=0 error=subprocess exit 1
2026-09-11T01:48:02Z rollout_done  iteration_id=65c25025 attempt=1 candidate_id=334c5a29 rollout=0 seed=16 duration_ms=139 success=False reward=0.0 steps=0 error=subprocess exit 1
2026-09-11T01:48:02Z rollout_done  iteration_id=65c25025 attempt=1 candidate_id=334c5a29 rollout=1 seed=16 duration_ms=148 success=False reward=0.0 steps=0 error=subprocess exit 1
2026-09-11T01:48:02Z rollout_done  iteration_id=65c25025 attempt=1 candidate_id=334c5a29 rollout=4 seed=16 duration_ms=145 success=False reward=0.0 steps=0 error=subprocess exit 1
2026-09-11T01:48:02Z candidate_evaluated  iteration_id=65c25025 attempt=1 candidate_id=334c5a29 k=5 success_rate=0.0 n_errors=5
2026-09-11T01:48:10Z mutator_decision  iteration_id=65c25025 attempt=1 decision=reject failure_axis=T failure_label=crashed_candidate rationale=The candidate crashed at step 0 on all 5 rollouts (err=subprocess exit 1, actions=[]). The __init__ method with self._rng = random.Random() is the bug: the framework instantiates _Rules() with no argu
2026-09-11T01:48:19Z candidate_reproposed  iteration_id=65c25025 attempt=1 rules_code_len=1015
2026-09-11T01:49:17Z rollout_done  iteration_id=65c25025 attempt=2 candidate_id=36263431 rollout=0 seed=16 duration_ms=57374 success=True reward=1.0 steps=20 error=None
2026-09-11T01:50:01Z rollout_done  iteration_id=65c25025 attempt=2 candidate_id=36263431 rollout=3 seed=16 duration_ms=101676 success=True reward=1.0 steps=32 error=None
2026-09-11T01:51:12Z rollout_done  iteration_id=65c25025 attempt=2 candidate_id=36263431 rollout=1 seed=16 duration_ms=173217 success=False reward=0.0 steps=50 error=None
2026-09-11T01:51:26Z rollout_done  iteration_id=65c25025 attempt=2 candidate_id=36263431 rollout=4 seed=16 duration_ms=186486 success=False reward=0.0 steps=50 error=None
2026-09-11T01:51:43Z rollout_done  iteration_id=65c25025 attempt=2 candidate_id=36263431 rollout=2 seed=16 duration_ms=203370 success=False reward=0.0 steps=50 error=None
2026-09-11T01:51:43Z candidate_evaluated  iteration_id=65c25025 attempt=2 candidate_id=36263431 k=5 success_rate=0.4 n_errors=0
2026-09-11T01:51:50Z mutator_decision  iteration_id=65c25025 attempt=2 decision=accept failure_axis=task_understanding failure_label=partial_recovery rationale=Baseline SR was 0.20 (1/5); the T-axis perturbation (sub-10% "Nothing happens" on movement/manipulation commands) raised mutated SR to 0.40 (2/5), a +0.20 gain that meets the acceptance criterion. The
2026-09-11T01:51:50Z checkpoint_saved  iteration_id=65c25025 path=checkpoints/task_0016_attempt_02.json n_actions=0 rules_code_len=1015 best_effort=False
2026-09-11T01:51:50Z budget_stop  iteration_id=65c25025 attempts=2
2026-09-11T01:51:50Z task_end  task_idx=16 total_traces_so_far=240
2026-09-11T01:51:50Z iteration_end  outer=16 total_traces_so_far=240
2026-09-11T01:51:50Z task_start  task_idx=17
2026-09-11T01:51:50Z iteration_start  outer=17
2026-09-11T01:51:50Z baseline_compute_start  task_idx=17 task_id=17 n=5 key=23fe9d808f26655f
2026-09-11T01:54:08Z rollout_done  iteration_id=baseline-0017 attempt=0 candidate_id=baseline rollout=2 seed=17 duration_ms=138496 success=False reward=0.0 steps=50 error=None
2026-09-11T01:54:12Z rollout_done  iteration_id=baseline-0017 attempt=0 candidate_id=baseline rollout=0 seed=17 duration_ms=142606 success=False reward=0.0 steps=50 error=None
2026-09-11T01:54:22Z rollout_done  iteration_id=baseline-0017 attempt=0 candidate_id=baseline rollout=4 seed=17 duration_ms=152683 success=False reward=0.0 steps=50 error=None
2026-09-11T01:54:29Z rollout_done  iteration_id=baseline-0017 attempt=0 candidate_id=baseline rollout=3 seed=17 duration_ms=158881 success=False reward=0.0 steps=50 error=None
2026-09-11T01:54:40Z rollout_done  iteration_id=baseline-0017 attempt=0 candidate_id=baseline rollout=1 seed=17 duration_ms=169946 success=False reward=0.0 steps=50 error=None
2026-09-11T01:54:40Z baseline_compute_done  task_idx=17 task_id=17 n=5 sr=0.0 avg_success_steps=None sample_action_seq_len=0
2026-09-11T01:54:46Z candidate_proposed  iteration_id=364dcac1 attempt=0 rules_code_len=0 n_in_env_actions=5 rationale=Baseline SR is 0.0 with the Policy stuck in a pick-up/put-down loop on shelf 1, never cleaning the plate (task: put a CL
2026-09-11T01:55:18Z rollout_done  iteration_id=364dcac1 attempt=1 candidate_id=6cf0547d rollout=4 seed=17 duration_ms=32681 success=True reward=1.0 steps=9 error=None
2026-09-11T01:55:18Z rollout_done  iteration_id=364dcac1 attempt=1 candidate_id=6cf0547d rollout=1 seed=17 duration_ms=32689 success=True reward=1.0 steps=9 error=None
2026-09-11T01:57:20Z rollout_done  iteration_id=364dcac1 attempt=1 candidate_id=6cf0547d rollout=3 seed=17 duration_ms=154809 success=False reward=0.0 steps=45 error=None
2026-09-11T01:57:28Z rollout_done  iteration_id=364dcac1 attempt=1 candidate_id=6cf0547d rollout=0 seed=17 duration_ms=162147 success=False reward=0.0 steps=45 error=None
2026-09-11T01:57:42Z rollout_done  iteration_id=364dcac1 attempt=1 candidate_id=6cf0547d rollout=2 seed=17 duration_ms=175896 success=False reward=0.0 steps=45 error=None
2026-09-11T01:57:42Z candidate_evaluated  iteration_id=364dcac1 attempt=1 candidate_id=6cf0547d k=5 success_rate=0.4 n_errors=0
2026-09-11T01:57:49Z mutator_decision  iteration_id=364dcac1 attempt=1 decision=accept failure_axis=task_understanding failure_label=partial_recovery rationale=Baseline SR was 0.00 (0/5), with the Policy stuck in a pick-up/put-down loop on shelf 1 and never cleaning the plate. The candidate's in_env_actions (S0) pre-positioned the environment so the plate is
2026-09-11T01:57:49Z checkpoint_saved  iteration_id=364dcac1 path=checkpoints/task_0017_attempt_01.json n_actions=5 rules_code_len=0 best_effort=False
2026-09-11T01:57:49Z budget_stop  iteration_id=364dcac1 attempts=1
2026-09-11T01:57:49Z task_end  task_idx=17 total_traces_so_far=250
2026-09-11T01:57:49Z iteration_end  outer=17 total_traces_so_far=250
2026-09-11T01:57:49Z task_start  task_idx=18
2026-09-11T01:57:49Z iteration_start  outer=18
2026-09-11T01:57:49Z baseline_compute_start  task_idx=18 task_id=18 n=5 key=6764beb1c934dbec
2026-09-11T02:01:31Z rollout_done  iteration_id=baseline-0018 attempt=0 candidate_id=baseline rollout=2 seed=18 duration_ms=221932 success=False reward=0.0 steps=50 error=None
2026-09-11T02:01:37Z rollout_done  iteration_id=baseline-0018 attempt=0 candidate_id=baseline rollout=1 seed=18 duration_ms=228088 success=False reward=0.0 steps=50 error=None
2026-09-11T02:01:40Z rollout_done  iteration_id=baseline-0018 attempt=0 candidate_id=baseline rollout=0 seed=18 duration_ms=230475 success=False reward=0.0 steps=50 error=None
2026-09-11T02:01:57Z rollout_done  iteration_id=baseline-0018 attempt=0 candidate_id=baseline rollout=3 seed=18 duration_ms=248227 success=False reward=0.0 steps=50 error=None
2026-09-11T02:01:59Z rollout_done  iteration_id=baseline-0018 attempt=0 candidate_id=baseline rollout=4 seed=18 duration_ms=249848 success=False reward=0.0 steps=50 error=None
2026-09-11T02:01:59Z baseline_compute_done  task_idx=18 task_id=18 n=5 sr=0.0 avg_success_steps=None sample_action_seq_len=0
2026-09-11T02:02:05Z candidate_proposed  iteration_id=e447c3da attempt=0 rules_code_len=30 n_in_env_actions=1 rationale=Baseline SR is 0.00 with all 5 rollouts hitting the 50-step cap. The failure mode is task understanding: the Policy neve
2026-09-11T02:05:13Z rollout_done  iteration_id=e447c3da attempt=1 candidate_id=0c92b10e rollout=4 seed=18 duration_ms=187528 success=False reward=0.0 steps=49 error=None
2026-09-11T02:05:16Z rollout_done  iteration_id=e447c3da attempt=1 candidate_id=0c92b10e rollout=3 seed=18 duration_ms=190543 success=False reward=0.0 steps=49 error=None
2026-09-11T02:05:18Z rollout_done  iteration_id=e447c3da attempt=1 candidate_id=0c92b10e rollout=2 seed=18 duration_ms=192417 success=False reward=0.0 steps=49 error=None
2026-09-11T02:05:33Z rollout_done  iteration_id=e447c3da attempt=1 candidate_id=0c92b10e rollout=1 seed=18 duration_ms=207399 success=False reward=0.0 steps=49 error=None
2026-09-11T02:06:05Z rollout_done  iteration_id=e447c3da attempt=1 candidate_id=0c92b10e rollout=0 seed=18 duration_ms=239377 success=False reward=0.0 steps=49 error=None
2026-09-11T02:06:05Z candidate_evaluated  iteration_id=e447c3da attempt=1 candidate_id=0c92b10e k=5 success_rate=0.0 n_errors=0
2026-09-11T02:06:10Z mutator_decision  iteration_id=e447c3da attempt=1 decision=reject failure_axis=S0 failure_label=malformed_setup_action rationale=The candidate's in_env_actions was malformed: it emitted a bare 'do' string rather than a valid Action dict with name='do' and kwargs_json containing a JSON-encoded text command. As a result, the Setu
2026-09-11T02:06:16Z candidate_reproposed  iteration_id=e447c3da attempt=1 rules_code_len=0
2026-09-11T02:06:56Z rollout_done  iteration_id=e447c3da attempt=2 candidate_id=c7f78886 rollout=2 seed=18 duration_ms=40629 success=True reward=1.0 steps=12 error=None
2026-09-11T02:08:16Z rollout_done  iteration_id=e447c3da attempt=2 candidate_id=c7f78886 rollout=0 seed=18 duration_ms=120220 success=True reward=1.0 steps=26 error=None
2026-09-11T02:08:50Z rollout_done  iteration_id=e447c3da attempt=2 candidate_id=c7f78886 rollout=1 seed=18 duration_ms=154519 success=True reward=1.0 steps=44 error=None
2026-09-11T02:09:19Z rollout_done  iteration_id=e447c3da attempt=2 candidate_id=c7f78886 rollout=3 seed=18 duration_ms=183497 success=True reward=1.0 steps=39 error=None
2026-09-11T02:10:59Z rollout_done  iteration_id=e447c3da attempt=2 candidate_id=c7f78886 rollout=4 seed=18 duration_ms=283246 success=False reward=0.0 steps=48 error=None
2026-09-11T02:10:59Z candidate_evaluated  iteration_id=e447c3da attempt=2 candidate_id=c7f78886 k=5 success_rate=0.8 n_errors=0
2026-09-11T02:11:05Z mutator_decision  iteration_id=e447c3da attempt=2 decision=accept failure_axis=task_understanding failure_label=partial_recovery rationale=Baseline SR was 0.0 (0/5), and this S0 Setup harness (pre-opening the microwave via in_env_actions) raised SR to 0.80 (4/5). The diagnosed failure mode was task_understanding — the Policy never realiz
2026-09-11T02:11:05Z checkpoint_saved  iteration_id=e447c3da path=checkpoints/task_0018_attempt_02.json n_actions=2 rules_code_len=0 best_effort=False
2026-09-11T02:11:05Z budget_stop  iteration_id=e447c3da attempts=2
2026-09-11T02:11:05Z task_end  task_idx=18 total_traces_so_far=265
2026-09-11T02:11:05Z iteration_end  outer=18 total_traces_so_far=265
2026-09-11T02:11:05Z task_start  task_idx=19
2026-09-11T02:11:05Z iteration_start  outer=19
2026-09-11T02:11:05Z baseline_compute_start  task_idx=19 task_id=19 n=5 key=4e07e625ceb3d702
2026-09-11T02:13:12Z rollout_done  iteration_id=baseline-0019 attempt=0 candidate_id=baseline rollout=1 seed=19 duration_ms=127270 success=True reward=1.0 steps=43 error=None
2026-09-11T02:13:15Z rollout_done  iteration_id=baseline-0019 attempt=0 candidate_id=baseline rollout=0 seed=19 duration_ms=130296 success=True reward=1.0 steps=44 error=None
2026-09-11T02:13:31Z rollout_done  iteration_id=baseline-0019 attempt=0 candidate_id=baseline rollout=3 seed=19 duration_ms=145732 success=True reward=1.0 steps=45 error=None
2026-09-11T02:13:37Z rollout_done  iteration_id=baseline-0019 attempt=0 candidate_id=baseline rollout=4 seed=19 duration_ms=151992 success=True reward=1.0 steps=49 error=None
2026-09-11T02:13:53Z rollout_done  iteration_id=baseline-0019 attempt=0 candidate_id=baseline rollout=2 seed=19 duration_ms=168312 success=False reward=0.0 steps=50 error=None
2026-09-11T02:13:53Z baseline_compute_done  task_idx=19 task_id=19 n=5 sr=0.8 avg_success_steps=45.25 sample_action_seq_len=43
2026-09-11T02:13:56Z candidate_proposed  iteration_id=d0cd0345 attempt=0 rules_code_len=0 n_in_env_actions=0 rationale=Baseline SR is 0.80 (>=0.8), so per Phase 1 this is a skip-easy-task. The Policy already solves it; no failure-recovery
2026-09-11T02:13:56Z task_skipped_passthrough  iteration_id=d0cd0345 task_idx=19 task_id=19 rationale=Baseline SR is 0.80 (>=0.8), so per Phase 1 this is a skip-easy-task. The Policy already solves it; no failure-recovery
2026-09-11T02:13:56Z task_end  task_idx=19 total_traces_so_far=270
2026-09-11T02:13:56Z iteration_end  outer=19 total_traces_so_far=270
2026-09-11T02:13:56Z task_start  task_idx=20
2026-09-11T02:13:56Z iteration_start  outer=20
2026-09-11T02:13:56Z baseline_compute_start  task_idx=20 task_id=20 n=5 key=399183830dfde962
2026-09-11T02:16:44Z rollout_done  iteration_id=baseline-0020 attempt=0 candidate_id=baseline rollout=3 seed=20 duration_ms=167798 success=False reward=0.0 steps=50 error=None
2026-09-11T02:16:45Z rollout_done  iteration_id=baseline-0020 attempt=0 candidate_id=baseline rollout=0 seed=20 duration_ms=168776 success=False reward=0.0 steps=50 error=None
2026-09-11T02:16:56Z rollout_done  iteration_id=baseline-0020 attempt=0 candidate_id=baseline rollout=2 seed=20 duration_ms=179806 success=False reward=0.0 steps=50 error=None
2026-09-11T02:16:58Z rollout_done  iteration_id=baseline-0020 attempt=0 candidate_id=baseline rollout=1 seed=20 duration_ms=181755 success=False reward=0.0 steps=50 error=None
2026-09-11T02:17:03Z rollout_done  iteration_id=baseline-0020 attempt=0 candidate_id=baseline rollout=4 seed=20 duration_ms=187418 success=False reward=0.0 steps=50 error=None
2026-09-11T02:17:03Z baseline_compute_done  task_idx=20 task_id=20 n=5 sr=0.0 avg_success_steps=None sample_action_seq_len=0
2026-09-11T02:17:10Z candidate_proposed  iteration_id=6b17a6af attempt=0 rules_code_len=0 n_in_env_actions=8 rationale=Baseline SR is 0.0 (0/5), so per Phase 1 this task is TARGET only if I can diagnose a recoverable failure mode. The fail
2026-09-11T02:19:20Z rollout_done  iteration_id=6b17a6af attempt=1 candidate_id=c111e692 rollout=0 seed=20 duration_ms=129822 success=False reward=0.0 steps=42 error=None
2026-09-11T02:19:26Z rollout_done  iteration_id=6b17a6af attempt=1 candidate_id=c111e692 rollout=2 seed=20 duration_ms=136256 success=False reward=0.0 steps=42 error=None
2026-09-11T02:19:28Z rollout_done  iteration_id=6b17a6af attempt=1 candidate_id=c111e692 rollout=3 seed=20 duration_ms=138117 success=False reward=0.0 steps=42 error=None
2026-09-11T02:19:48Z rollout_done  iteration_id=6b17a6af attempt=1 candidate_id=c111e692 rollout=4 seed=20 duration_ms=158629 success=False reward=0.0 steps=42 error=None
2026-09-11T02:19:57Z rollout_done  iteration_id=6b17a6af attempt=1 candidate_id=c111e692 rollout=1 seed=20 duration_ms=167323 success=False reward=0.0 steps=42 error=None
2026-09-11T02:19:57Z candidate_evaluated  iteration_id=6b17a6af attempt=1 candidate_id=c111e692 k=5 success_rate=0.0 n_errors=0
2026-09-11T02:20:02Z mutator_decision  iteration_id=6b17a6af attempt=1 decision=reject failure_axis=S0 failure_label=empty_setup_actions rationale=The candidate's in_env_actions are all empty `do` actions (no text/kwargs_json payload), so the Setup harness replayed 8 no-op commands that did nothing to mutate S0. SR stayed at 0.00 (0/5), identica
2026-09-11T02:20:09Z candidate_reproposed  iteration_id=6b17a6af attempt=1 rules_code_len=0
2026-09-11T02:22:34Z rollout_done  iteration_id=6b17a6af attempt=2 candidate_id=a047cdac rollout=1 seed=20 duration_ms=145389 success=False reward=0.0 steps=42 error=None
2026-09-11T02:22:41Z rollout_done  iteration_id=6b17a6af attempt=2 candidate_id=a047cdac rollout=4 seed=20 duration_ms=152505 success=False reward=0.0 steps=42 error=None
2026-09-11T02:22:43Z rollout_done  iteration_id=6b17a6af attempt=2 candidate_id=a047cdac rollout=2 seed=20 duration_ms=153996 success=False reward=0.0 steps=42 error=None
2026-09-11T02:22:57Z rollout_done  iteration_id=6b17a6af attempt=2 candidate_id=a047cdac rollout=0 seed=20 duration_ms=167942 success=False reward=0.0 steps=42 error=None
2026-09-11T02:23:00Z rollout_done  iteration_id=6b17a6af attempt=2 candidate_id=a047cdac rollout=3 seed=20 duration_ms=171504 success=False reward=0.0 steps=42 error=None
2026-09-11T02:23:00Z candidate_evaluated  iteration_id=6b17a6af attempt=2 candidate_id=a047cdac k=5 success_rate=0.0 n_errors=0
2026-09-11T02:23:06Z mutator_decision  iteration_id=6b17a6af attempt=2 decision=reject failure_axis=S0 failure_label=malformed_setup_actions rationale=The candidate is broken. in_env_actions was emitted as a list of bare strings ['do','do',...] instead of valid Action objects with name="do" and kwargs_json containing a JSON-encoded {"text": ...} com
2026-09-11T02:23:10Z candidate_reproposed  iteration_id=6b17a6af attempt=2 rules_code_len=0
2026-09-11T02:25:29Z rollout_done  iteration_id=6b17a6af attempt=3 candidate_id=bb8bad98 rollout=1 seed=20 duration_ms=138507 success=False reward=0.0 steps=49 error=None
2026-09-11T02:25:55Z rollout_done  iteration_id=6b17a6af attempt=3 candidate_id=bb8bad98 rollout=3 seed=20 duration_ms=164805 success=False reward=0.0 steps=49 error=None
2026-09-11T02:26:02Z rollout_done  iteration_id=6b17a6af attempt=3 candidate_id=bb8bad98 rollout=2 seed=20 duration_ms=171943 success=False reward=0.0 steps=49 error=None
2026-09-11T02:26:06Z rollout_done  iteration_id=6b17a6af attempt=3 candidate_id=bb8bad98 rollout=0 seed=20 duration_ms=176423 success=False reward=0.0 steps=49 error=None
2026-09-11T02:26:15Z rollout_done  iteration_id=6b17a6af attempt=3 candidate_id=bb8bad98 rollout=4 seed=20 duration_ms=185025 success=False reward=0.0 steps=49 error=None
2026-09-11T02:26:15Z candidate_evaluated  iteration_id=6b17a6af attempt=3 candidate_id=bb8bad98 k=5 success_rate=0.0 n_errors=0
2026-09-11T02:26:20Z mutator_decision  iteration_id=6b17a6af attempt=3 decision=reject failure_axis=S0 failure_label=malformed_setup_actions rationale=The candidate's in_env_actions was malformed: it was emitted as `['do']` (a bare string) instead of a proper Action object `{"name": "do", "kwargs_json": "..."}`. The rollouts show actions=['do','do',
2026-09-11T02:26:26Z candidate_reproposed  iteration_id=6b17a6af attempt=3 rules_code_len=0
2026-09-11T02:28:37Z rollout_done  iteration_id=6b17a6af attempt=4 candidate_id=fa4d2828 rollout=3 seed=20 duration_ms=131105 success=False reward=0.0 steps=42 error=None
2026-09-11T02:29:02Z rollout_done  iteration_id=6b17a6af attempt=4 candidate_id=fa4d2828 rollout=0 seed=20 duration_ms=155620 success=False reward=0.0 steps=42 error=None
2026-09-11T02:29:04Z rollout_done  iteration_id=6b17a6af attempt=4 candidate_id=fa4d2828 rollout=1 seed=20 duration_ms=158238 success=False reward=0.0 steps=42 error=None
2026-09-11T02:29:07Z rollout_done  iteration_id=6b17a6af attempt=4 candidate_id=fa4d2828 rollout=4 seed=20 duration_ms=160909 success=False reward=0.0 steps=42 error=None
2026-09-11T02:29:13Z rollout_done  iteration_id=6b17a6af attempt=4 candidate_id=fa4d2828 rollout=2 seed=20 duration_ms=166614 success=False reward=0.0 steps=42 error=None
2026-09-11T02:29:13Z candidate_evaluated  iteration_id=6b17a6af attempt=4 candidate_id=fa4d2828 k=5 success_rate=0.0 n_errors=0
2026-09-11T02:29:18Z mutator_decision  iteration_id=6b17a6af attempt=4 decision=reject failure_axis=S0 failure_label=malformed_setup_actions rationale=The candidate's in_env_actions were malformed: the list contained 8 bare 'do' strings instead of valid Action dicts ({"name": "do", "kwargs_json": "..."}). The recent traces confirm `fail=malformed_se
2026-09-11T02:29:23Z candidate_reproposed  iteration_id=6b17a6af attempt=4 rules_code_len=0
2026-09-11T02:31:55Z rollout_done  iteration_id=6b17a6af attempt=5 candidate_id=36f2e727 rollout=2 seed=20 duration_ms=152350 success=False reward=0.0 steps=48 error=None
2026-09-11T02:32:13Z rollout_done  iteration_id=6b17a6af attempt=5 candidate_id=36f2e727 rollout=3 seed=20 duration_ms=170359 success=False reward=0.0 steps=48 error=None
2026-09-11T02:32:25Z rollout_done  iteration_id=6b17a6af attempt=5 candidate_id=36f2e727 rollout=0 seed=20 duration_ms=182060 success=False reward=0.0 steps=48 error=None
2026-09-11T02:32:36Z rollout_done  iteration_id=6b17a6af attempt=5 candidate_id=36f2e727 rollout=1 seed=20 duration_ms=192992 success=False reward=0.0 steps=48 error=None
2026-09-11T02:32:53Z rollout_done  iteration_id=6b17a6af attempt=5 candidate_id=36f2e727 rollout=4 seed=20 duration_ms=210850 success=False reward=0.0 steps=48 error=None
2026-09-11T02:32:53Z candidate_evaluated  iteration_id=6b17a6af attempt=5 candidate_id=36f2e727 k=5 success_rate=0.0 n_errors=0
2026-09-11T02:32:59Z mutator_decision  iteration_id=6b17a6af attempt=5 decision=reject failure_axis=S0 failure_label=malformed_setup_actions rationale=The candidate's in_env_actions was malformed: it emitted the bare strings ['do', 'do'] instead of valid Action objects with name='do' and kwargs_json containing a proper text command. All 5 rollouts f
2026-09-11T02:32:59Z budget_stop  iteration_id=6b17a6af attempts=5
2026-09-11T02:32:59Z checkpoint_saved  iteration_id=6b17a6af path=checkpoints/task_0020_best_effort.json n_actions=8 rules_code_len=0 best_effort=True rollout_success_rate=0.0
2026-09-11T02:32:59Z task_end  task_idx=20 total_traces_so_far=300
2026-09-11T02:32:59Z iteration_end  outer=20 total_traces_so_far=300
2026-09-11T02:32:59Z task_start  task_idx=21
2026-09-11T02:32:59Z iteration_start  outer=21
2026-09-11T02:32:59Z baseline_compute_start  task_idx=21 task_id=21 n=5 key=0999eeb34eb0a991
2026-09-11T02:33:25Z rollout_done  iteration_id=baseline-0021 attempt=0 candidate_id=baseline rollout=3 seed=21 duration_ms=26494 success=True reward=1.0 steps=7 error=None
2026-09-11T02:33:41Z rollout_done  iteration_id=baseline-0021 attempt=0 candidate_id=baseline rollout=0 seed=21 duration_ms=42665 success=True reward=1.0 steps=14 error=None
2026-09-11T02:34:21Z rollout_done  iteration_id=baseline-0021 attempt=0 candidate_id=baseline rollout=4 seed=21 duration_ms=81837 success=True reward=1.0 steps=25 error=None
2026-09-11T02:35:01Z rollout_done  iteration_id=baseline-0021 attempt=0 candidate_id=baseline rollout=2 seed=21 duration_ms=122307 success=True reward=1.0 steps=32 error=None
2026-09-11T02:35:51Z rollout_done  iteration_id=baseline-0021 attempt=0 candidate_id=baseline rollout=1 seed=21 duration_ms=172073 success=True reward=1.0 steps=49 error=None
2026-09-11T02:35:51Z baseline_compute_done  task_idx=21 task_id=21 n=5 sr=1.0 avg_success_steps=25.4 sample_action_seq_len=7
2026-09-11T02:35:53Z candidate_proposed  iteration_id=ab0a8829 attempt=0 rules_code_len=0 n_in_env_actions=0 rationale=Baseline SR is 1.00 (5/5), so per Phase 1 this is an easy task the Policy already solves — skip it. The recent traces al
2026-09-11T02:35:53Z task_skipped_passthrough  iteration_id=ab0a8829 task_idx=21 task_id=21 rationale=Baseline SR is 1.00 (5/5), so per Phase 1 this is an easy task the Policy already solves — skip it. The recent traces al
2026-09-11T02:35:53Z task_end  task_idx=21 total_traces_so_far=305
2026-09-11T02:35:53Z iteration_end  outer=21 total_traces_so_far=305
2026-09-11T02:35:53Z task_start  task_idx=22
2026-09-11T02:35:53Z iteration_start  outer=22
2026-09-11T02:35:53Z baseline_compute_start  task_idx=22 task_id=22 n=5 key=6698dbd1874f1925
2026-09-11T02:36:35Z rollout_done  iteration_id=baseline-0022 attempt=0 candidate_id=baseline rollout=4 seed=22 duration_ms=41971 success=True reward=1.0 steps=13 error=None
2026-09-11T02:36:36Z rollout_done  iteration_id=baseline-0022 attempt=0 candidate_id=baseline rollout=3 seed=22 duration_ms=42028 success=True reward=1.0 steps=13 error=None
2026-09-11T02:36:36Z rollout_done  iteration_id=baseline-0022 attempt=0 candidate_id=baseline rollout=1 seed=22 duration_ms=42199 success=True reward=1.0 steps=13 error=None
2026-09-11T02:36:37Z rollout_done  iteration_id=baseline-0022 attempt=0 candidate_id=baseline rollout=2 seed=22 duration_ms=43217 success=True reward=1.0 steps=13 error=None
2026-09-11T02:36:37Z rollout_done  iteration_id=baseline-0022 attempt=0 candidate_id=baseline rollout=0 seed=22 duration_ms=43264 success=True reward=1.0 steps=13 error=None
2026-09-11T02:36:37Z baseline_compute_done  task_idx=22 task_id=22 n=5 sr=1.0 avg_success_steps=13.0 sample_action_seq_len=13
2026-09-11T02:36:39Z candidate_proposed  iteration_id=bbb16c80 attempt=0 rules_code_len=0 n_in_env_actions=0 rationale=Baseline SR is 1.00, so per Phase 1 this is an easy task to skip. The Policy already solves it perfectly with no failure
2026-09-11T02:36:39Z task_skipped_passthrough  iteration_id=bbb16c80 task_idx=22 task_id=22 rationale=Baseline SR is 1.00, so per Phase 1 this is an easy task to skip. The Policy already solves it perfectly with no failure
2026-09-11T02:36:39Z task_end  task_idx=22 total_traces_so_far=310
2026-09-11T02:36:39Z iteration_end  outer=22 total_traces_so_far=310
2026-09-11T02:36:39Z task_start  task_idx=23
2026-09-11T02:36:39Z iteration_start  outer=23
2026-09-11T02:36:39Z baseline_compute_start  task_idx=23 task_id=23 n=5 key=70ad8b71a2681405
2026-09-11T02:37:13Z rollout_done  iteration_id=baseline-0023 attempt=0 candidate_id=baseline rollout=0 seed=23 duration_ms=33710 success=True reward=1.0 steps=12 error=None
2026-09-11T02:37:13Z rollout_done  iteration_id=baseline-0023 attempt=0 candidate_id=baseline rollout=1 seed=23 duration_ms=34442 success=True reward=1.0 steps=12 error=None
2026-09-11T02:37:48Z rollout_done  iteration_id=baseline-0023 attempt=0 candidate_id=baseline rollout=3 seed=23 duration_ms=69398 success=True reward=1.0 steps=26 error=None
2026-09-11T02:37:49Z rollout_done  iteration_id=baseline-0023 attempt=0 candidate_id=baseline rollout=4 seed=23 duration_ms=69563 success=True reward=1.0 steps=27 error=None
2026-09-11T02:37:51Z rollout_done  iteration_id=baseline-0023 attempt=0 candidate_id=baseline rollout=2 seed=23 duration_ms=72265 success=True reward=1.0 steps=27 error=None
2026-09-11T02:37:51Z baseline_compute_done  task_idx=23 task_id=23 n=5 sr=1.0 avg_success_steps=20.8 sample_action_seq_len=12
2026-09-11T02:37:53Z candidate_proposed  iteration_id=a5efb07a attempt=0 rules_code_len=0 n_in_env_actions=0 rationale=Baseline SR is 1.00 (5/5), so per Phase 1 this is an easy task: skip.
2026-09-11T02:37:53Z task_skipped_passthrough  iteration_id=a5efb07a task_idx=23 task_id=23 rationale=Baseline SR is 1.00 (5/5), so per Phase 1 this is an easy task: skip.
2026-09-11T02:37:53Z task_end  task_idx=23 total_traces_so_far=315
2026-09-11T02:37:53Z iteration_end  outer=23 total_traces_so_far=315
2026-09-11T02:37:53Z task_start  task_idx=24
2026-09-11T02:37:53Z iteration_start  outer=24
2026-09-11T02:37:53Z baseline_compute_start  task_idx=24 task_id=24 n=5 key=c318e8b2d79dc753
2026-09-11T02:38:20Z rollout_done  iteration_id=baseline-0024 attempt=0 candidate_id=baseline rollout=3 seed=24 duration_ms=26625 success=True reward=1.0 steps=9 error=None
2026-09-11T02:38:20Z rollout_done  iteration_id=baseline-0024 attempt=0 candidate_id=baseline rollout=1 seed=24 duration_ms=26854 success=True reward=1.0 steps=9 error=None
2026-09-11T02:38:21Z rollout_done  iteration_id=baseline-0024 attempt=0 candidate_id=baseline rollout=2 seed=24 duration_ms=27324 success=True reward=1.0 steps=9 error=None
2026-09-11T02:38:21Z rollout_done  iteration_id=baseline-0024 attempt=0 candidate_id=baseline rollout=4 seed=24 duration_ms=28035 success=True reward=1.0 steps=9 error=None
2026-09-11T02:38:22Z rollout_done  iteration_id=baseline-0024 attempt=0 candidate_id=baseline rollout=0 seed=24 duration_ms=28396 success=True reward=1.0 steps=9 error=None
2026-09-11T02:38:22Z baseline_compute_done  task_idx=24 task_id=24 n=5 sr=1.0 avg_success_steps=9.0 sample_action_seq_len=9
2026-09-11T02:38:24Z candidate_proposed  iteration_id=f0f69796 attempt=0 rules_code_len=0 n_in_env_actions=0 rationale=Baseline SR is 1.00 (5/5), so per Phase 1 this is an easy task the Policy already solves. Skipping.
2026-09-11T02:38:24Z task_skipped_passthrough  iteration_id=f0f69796 task_idx=24 task_id=24 rationale=Baseline SR is 1.00 (5/5), so per Phase 1 this is an easy task the Policy already solves. Skipping.
2026-09-11T02:38:24Z task_end  task_idx=24 total_traces_so_far=320
2026-09-11T02:38:24Z iteration_end  outer=24 total_traces_so_far=320
2026-09-11T02:38:24Z task_start  task_idx=25
2026-09-11T02:38:24Z iteration_start  outer=25
2026-09-11T02:38:24Z baseline_compute_start  task_idx=25 task_id=25 n=5 key=a99bb7656d891ea9
2026-09-11T02:38:43Z rollout_done  iteration_id=baseline-0025 attempt=0 candidate_id=baseline rollout=0 seed=25 duration_ms=18359 success=True reward=1.0 steps=5 error=None
2026-09-11T02:38:43Z rollout_done  iteration_id=baseline-0025 attempt=0 candidate_id=baseline rollout=4 seed=25 duration_ms=18576 success=True reward=1.0 steps=5 error=None
2026-09-11T02:38:43Z rollout_done  iteration_id=baseline-0025 attempt=0 candidate_id=baseline rollout=1 seed=25 duration_ms=18640 success=True reward=1.0 steps=5 error=None
2026-09-11T02:38:44Z rollout_done  iteration_id=baseline-0025 attempt=0 candidate_id=baseline rollout=3 seed=25 duration_ms=19622 success=True reward=1.0 steps=5 error=None
2026-09-11T02:38:45Z rollout_done  iteration_id=baseline-0025 attempt=0 candidate_id=baseline rollout=2 seed=25 duration_ms=20566 success=True reward=1.0 steps=5 error=None
2026-09-11T02:38:45Z baseline_compute_done  task_idx=25 task_id=25 n=5 sr=1.0 avg_success_steps=5.0 sample_action_seq_len=5
2026-09-11T02:38:47Z candidate_proposed  iteration_id=3dce0a76 attempt=0 rules_code_len=0 n_in_env_actions=0 rationale=skip-easy-task
2026-09-11T02:38:47Z task_skipped_passthrough  iteration_id=3dce0a76 task_idx=25 task_id=25 rationale=skip-easy-task
2026-09-11T02:38:47Z task_end  task_idx=25 total_traces_so_far=325
2026-09-11T02:38:47Z iteration_end  outer=25 total_traces_so_far=325
2026-09-11T02:38:47Z task_start  task_idx=26
2026-09-11T02:38:47Z iteration_start  outer=26
2026-09-11T02:38:47Z baseline_compute_start  task_idx=26 task_id=26 n=5 key=2cca9270406e24b4
2026-09-11T02:41:11Z rollout_done  iteration_id=baseline-0026 attempt=0 candidate_id=baseline rollout=2 seed=26 duration_ms=144237 success=True reward=1.0 steps=47 error=None
2026-09-11T02:41:11Z rollout_done  iteration_id=baseline-0026 attempt=0 candidate_id=baseline rollout=1 seed=26 duration_ms=144519 success=True reward=1.0 steps=47 error=None
2026-09-11T02:41:13Z rollout_done  iteration_id=baseline-0026 attempt=0 candidate_id=baseline rollout=4 seed=26 duration_ms=146098 success=True reward=1.0 steps=47 error=None
2026-09-11T02:41:32Z rollout_done  iteration_id=baseline-0026 attempt=0 candidate_id=baseline rollout=3 seed=26 duration_ms=164710 success=True reward=1.0 steps=50 error=None
2026-09-11T02:41:38Z rollout_done  iteration_id=baseline-0026 attempt=0 candidate_id=baseline rollout=0 seed=26 duration_ms=171108 success=False reward=0.0 steps=50 error=None
2026-09-11T02:41:38Z baseline_compute_done  task_idx=26 task_id=26 n=5 sr=0.8 avg_success_steps=47.75 sample_action_seq_len=47
2026-09-11T02:41:41Z candidate_proposed  iteration_id=f24a8388 attempt=0 rules_code_len=0 n_in_env_actions=0 rationale=Baseline SR is 0.80 (4/5), which per Phase 1 is >= 0.8, so this task should be skipped as easy. The Policy already solve
2026-09-11T02:41:41Z task_skipped_passthrough  iteration_id=f24a8388 task_idx=26 task_id=26 rationale=Baseline SR is 0.80 (4/5), which per Phase 1 is >= 0.8, so this task should be skipped as easy. The Policy already solve
2026-09-11T02:41:41Z task_end  task_idx=26 total_traces_so_far=330
2026-09-11T02:41:41Z iteration_end  outer=26 total_traces_so_far=330
2026-09-11T02:41:41Z task_start  task_idx=27
2026-09-11T02:41:41Z iteration_start  outer=27
2026-09-11T02:41:41Z baseline_compute_start  task_idx=27 task_id=27 n=5 key=66c568560f21c1a9
2026-09-11T02:44:13Z rollout_done  iteration_id=baseline-0027 attempt=0 candidate_id=baseline rollout=4 seed=27 duration_ms=151956 success=False reward=0.0 steps=50 error=None
2026-09-11T02:44:17Z rollout_done  iteration_id=baseline-0027 attempt=0 candidate_id=baseline rollout=1 seed=27 duration_ms=156074 success=False reward=0.0 steps=50 error=None
2026-09-11T02:44:18Z rollout_done  iteration_id=baseline-0027 attempt=0 candidate_id=baseline rollout=3 seed=27 duration_ms=157815 success=False reward=0.0 steps=50 error=None
2026-09-11T02:44:39Z rollout_done  iteration_id=baseline-0027 attempt=0 candidate_id=baseline rollout=0 seed=27 duration_ms=178017 success=False reward=0.0 steps=50 error=None
2026-09-11T02:44:42Z rollout_done  iteration_id=baseline-0027 attempt=0 candidate_id=baseline rollout=2 seed=27 duration_ms=181491 success=False reward=0.0 steps=50 error=None
2026-09-11T02:44:42Z baseline_compute_done  task_idx=27 task_id=27 n=5 sr=0.0 avg_success_steps=None sample_action_seq_len=0
2026-09-11T02:44:47Z candidate_proposed  iteration_id=16132b96 attempt=0 rules_code_len=0 n_in_env_actions=0 rationale=Baseline SR is 0.00 with all 5 rollouts hitting the 50-step cap; the sample trajectory shows the Policy blindly walking/
2026-09-11T02:44:47Z task_skipped_passthrough  iteration_id=16132b96 task_idx=27 task_id=27 rationale=Baseline SR is 0.00 with all 5 rollouts hitting the 50-step cap; the sample trajectory shows the Policy blindly walking/
2026-09-11T02:44:47Z task_end  task_idx=27 total_traces_so_far=335
2026-09-11T02:44:47Z iteration_end  outer=27 total_traces_so_far=335
2026-09-11T02:44:47Z task_start  task_idx=28
2026-09-11T02:44:47Z iteration_start  outer=28
2026-09-11T02:44:47Z baseline_compute_start  task_idx=28 task_id=28 n=5 key=6bfaf635808abd57
2026-09-11T02:47:12Z rollout_done  iteration_id=baseline-0028 attempt=0 candidate_id=baseline rollout=3 seed=28 duration_ms=144758 success=True reward=1.0 steps=50 error=None
2026-09-11T02:47:14Z rollout_done  iteration_id=baseline-0028 attempt=0 candidate_id=baseline rollout=0 seed=28 duration_ms=146359 success=True reward=1.0 steps=50 error=None
2026-09-11T02:47:14Z rollout_done  iteration_id=baseline-0028 attempt=0 candidate_id=baseline rollout=2 seed=28 duration_ms=147014 success=True reward=1.0 steps=50 error=None
2026-09-11T02:47:15Z rollout_done  iteration_id=baseline-0028 attempt=0 candidate_id=baseline rollout=4 seed=28 duration_ms=148052 success=True reward=1.0 steps=50 error=None
2026-09-11T02:47:16Z rollout_done  iteration_id=baseline-0028 attempt=0 candidate_id=baseline rollout=1 seed=28 duration_ms=148472 success=True reward=1.0 steps=50 error=None
2026-09-11T02:47:16Z baseline_compute_done  task_idx=28 task_id=28 n=5 sr=1.0 avg_success_steps=50.0 sample_action_seq_len=50
2026-09-11T02:47:18Z candidate_proposed  iteration_id=06a3caef attempt=0 rules_code_len=0 n_in_env_actions=0 rationale=Baseline SR is 1.00 (5/5), so per Phase 1 this is an easy task and should be skipped. The Policy already solves it; no f
2026-09-11T02:47:18Z task_skipped_passthrough  iteration_id=06a3caef task_idx=28 task_id=28 rationale=Baseline SR is 1.00 (5/5), so per Phase 1 this is an easy task and should be skipped. The Policy already solves it; no f
2026-09-11T02:47:18Z task_end  task_idx=28 total_traces_so_far=340
2026-09-11T02:47:18Z iteration_end  outer=28 total_traces_so_far=340
2026-09-11T02:47:18Z task_start  task_idx=29
2026-09-11T02:47:18Z iteration_start  outer=29
2026-09-11T02:47:18Z baseline_compute_start  task_idx=29 task_id=29 n=5 key=b350daeb066f6136
2026-09-11T02:47:46Z rollout_done  iteration_id=baseline-0029 attempt=0 candidate_id=baseline rollout=0 seed=29 duration_ms=27542 success=True reward=1.0 steps=8 error=None
2026-09-11T02:47:46Z rollout_done  iteration_id=baseline-0029 attempt=0 candidate_id=baseline rollout=1 seed=29 duration_ms=27972 success=True reward=1.0 steps=8 error=None
2026-09-11T02:47:47Z rollout_done  iteration_id=baseline-0029 attempt=0 candidate_id=baseline rollout=4 seed=29 duration_ms=28385 success=True reward=1.0 steps=8 error=None
2026-09-11T02:47:47Z rollout_done  iteration_id=baseline-0029 attempt=0 candidate_id=baseline rollout=3 seed=29 duration_ms=28632 success=True reward=1.0 steps=8 error=None
2026-09-11T02:47:47Z rollout_done  iteration_id=baseline-0029 attempt=0 candidate_id=baseline rollout=2 seed=29 duration_ms=28818 success=True reward=1.0 steps=8 error=None
2026-09-11T02:47:47Z baseline_compute_done  task_idx=29 task_id=29 n=5 sr=1.0 avg_success_steps=8.0 sample_action_seq_len=8
2026-09-11T02:47:49Z candidate_proposed  iteration_id=57800fb7 attempt=0 rules_code_len=0 n_in_env_actions=0 rationale=Baseline SR is 1.00 (5/5, 8 steps each), so per Phase 1 this is an easy task to skip.
2026-09-11T02:47:49Z task_skipped_passthrough  iteration_id=57800fb7 task_idx=29 task_id=29 rationale=Baseline SR is 1.00 (5/5, 8 steps each), so per Phase 1 this is an easy task to skip.
2026-09-11T02:47:49Z task_end  task_idx=29 total_traces_so_far=345
2026-09-11T02:47:49Z iteration_end  outer=29 total_traces_so_far=345
2026-09-11T02:47:49Z run_end  n_accepted=25 n_total=345 n_failed=0
